datetime,open,high,low,close,volume
2025-03-31 17:00:00-05:00,19413.0,19413.25,19401.5,19404.0,816
2025-03-31 17:01:00-05:00,19404.5,19405.75,19401.5,19403.25,431
2025-03-31 17:02:00-05:00,19403.25,19404.5,19400.75,19401.75,298
2025-03-31 17:03:00-05:00,19401.75,19402.75,19396.5,19398.75,487
2025-03-31 17:04:00-05:00,19398.5,19401.5,19397.5,19398.25,327
2025-03-31 17:05:00-05:00,19398.25,19402.75,19390.75,19392.0,557
2025-03-31 17:06:00-05:00,19392.75,19394.0,19380.0,19385.5,741
2025-03-31 17:07:00-05:00,19386.25,19389.75,19383.0,19385.0,219
2025-03-31 17:08:00-05:00,19385.25,19404.5,19378.5,19398.5,1211
2025-03-31 17:09:00-05:00,19398.25,19398.5,19372.75,19372.75,845
2025-03-31 17:10:00-05:00,19374.5,19385.0,19372.5,19380.75,488
2025-03-31 17:11:00-05:00,19381.5,19385.75,19357.5,19358.5,1200
2025-03-31 17:12:00-05:00,19358.5,19362.75,19337.0,19345.5,1502
2025-03-31 17:13:00-05:00,19345.75,19349.75,19342.0,19348.25,542
2025-03-31 17:14:00-05:00,19349.5,19357.5,19342.0,19342.0,498
2025-03-31 17:15:00-05:00,19343.25,19343.25,19326.0,19330.25,1487
2025-03-31 17:16:00-05:00,19328.25,19346.5,19325.0,19345.5,939
2025-03-31 17:17:00-05:00,19345.75,19360.25,19345.0,19357.5,937
2025-03-31 17:18:00-05:00,19357.0,19360.25,19346.25,19348.0,411
2025-03-31 17:19:00-05:00,19347.5,19360.0,19346.0,19357.0,547
2025-03-31 17:20:00-05:00,19357.25,19365.0,19355.0,19362.5,674
2025-03-31 17:21:00-05:00,19362.5,19365.5,19357.5,19360.0,303
2025-03-31 17:22:00-05:00,19359.25,19361.5,19352.0,19353.0,513
2025-03-31 17:23:00-05:00,19353.5,19357.0,19352.0,19355.25,187
2025-03-31 17:24:00-05:00,19354.5,19355.25,19346.0,19349.25,732
2025-03-31 17:25:00-05:00,19348.5,19351.75,19347.75,19348.25,176
2025-03-31 17:26:00-05:00,19349.0,19350.75,19345.25,19350.0,211
2025-03-31 17:27:00-05:00,19349.0,19362.75,19349.0,19361.75,582
2025-03-31 17:28:00-05:00,19362.0,19362.75,19357.0,19359.75,309
2025-03-31 17:29:00-05:00,19359.25,19363.25,19357.0,19357.0,217
2025-03-31 17:30:00-05:00,19357.5,19361.5,19357.0,19358.25,197
2025-03-31 17:31:00-05:00,19358.5,19368.75,19358.5,19363.25,420
2025-03-31 17:32:00-05:00,19363.0,19364.25,19361.0,19362.25,180
2025-03-31 17:33:00-05:00,19362.0,19368.25,19361.5,19364.5,252
2025-03-31 17:34:00-05:00,19363.75,19365.5,19361.0,19363.5,191
2025-03-31 17:35:00-05:00,19364.0,19369.75,19363.25,19367.25,318
2025-03-31 17:36:00-05:00,19366.5,19370.0,19366.5,19370.0,223
2025-03-31 17:37:00-05:00,19369.5,19372.75,19369.0,19370.75,325
2025-03-31 17:38:00-05:00,19370.75,19378.75,19370.0,19377.5,572
2025-03-31 17:39:00-05:00,19377.75,19378.0,19373.75,19375.0,279
2025-03-31 17:40:00-05:00,19375.5,19376.0,19367.5,19372.25,574
2025-03-31 17:41:00-05:00,19372.25,19372.25,19369.25,19370.5,97
2025-03-31 17:42:00-05:00,19370.75,19373.0,19368.25,19372.25,214
2025-03-31 17:43:00-05:00,19372.5,19377.75,19369.5,19377.25,345
2025-03-31 17:44:00-05:00,19377.75,19380.0,19375.0,19379.0,435
2025-03-31 17:45:00-05:00,19378.5,19384.0,19377.5,19382.75,412
2025-03-31 17:46:00-05:00,19382.75,19383.25,19377.5,19381.75,251
2025-03-31 17:47:00-05:00,19381.25,19383.5,19375.5,19376.75,536
2025-03-31 17:48:00-05:00,19377.75,19384.75,19376.0,19384.0,320
2025-03-31 17:49:00-05:00,19383.75,19398.0,19383.5,19391.75,1028
2025-03-31 17:50:00-05:00,19391.75,19394.5,19386.5,19387.25,408
2025-03-31 17:51:00-05:00,19387.75,19390.75,19386.0,19386.75,239
2025-03-31 17:52:00-05:00,19386.75,19388.25,19381.25,19383.25,358
2025-03-31 17:53:00-05:00,19383.0,19386.25,19381.25,19382.75,288
2025-03-31 17:54:00-05:00,19383.0,19383.25,19374.25,19375.25,454
2025-03-31 17:55:00-05:00,19375.25,19384.75,19374.75,19379.25,422
2025-03-31 17:56:00-05:00,19379.5,19379.5,19372.25,19374.75,467
2025-03-31 17:57:00-05:00,19374.75,19375.25,19371.75,19374.75,215
2025-03-31 17:58:00-05:00,19374.0,19378.5,19372.25,19375.25,251
2025-03-31 17:59:00-05:00,19375.25,19376.0,19372.75,19375.0,156
2025-03-31 18:00:00-05:00,19375.0,19378.75,19366.5,19368.0,758
2025-03-31 18:01:00-05:00,19367.25,19375.0,19366.75,19370.5,342
2025-03-31 18:02:00-05:00,19371.25,19371.75,19368.25,19370.25,167
2025-03-31 18:03:00-05:00,19370.0,19370.75,19365.25,19367.0,255
2025-03-31 18:04:00-05:00,19367.25,19386.5,19363.25,19385.0,935
2025-03-31 18:05:00-05:00,19385.5,19386.25,19379.25,19383.5,461
2025-03-31 18:06:00-05:00,19382.75,19391.75,19379.5,19389.25,534
2025-03-31 18:07:00-05:00,19389.25,19390.75,19382.0,19390.5,345
2025-03-31 18:08:00-05:00,19390.25,19402.75,19388.75,19396.75,1108
2025-03-31 18:09:00-05:00,19396.5,19399.75,19391.25,19397.0,541
2025-03-31 18:10:00-05:00,19396.75,19406.75,19395.75,19401.75,594
2025-03-31 18:11:00-05:00,19401.25,19402.25,19391.5,19391.75,468
2025-03-31 18:12:00-05:00,19392.0,19399.0,19391.0,19399.0,357
2025-03-31 18:13:00-05:00,19397.75,19399.5,19393.75,19394.25,217
2025-03-31 18:14:00-05:00,19394.25,19397.0,19390.5,19390.75,188
2025-03-31 18:15:00-05:00,19390.5,19393.75,19384.75,19385.0,503
2025-03-31 18:16:00-05:00,19384.75,19387.25,19378.5,19386.0,575
2025-03-31 18:17:00-05:00,19386.0,19386.75,19378.5,19379.5,267
2025-03-31 18:18:00-05:00,19380.0,19382.75,19376.5,19381.25,251
2025-03-31 18:19:00-05:00,19380.5,19381.25,19375.75,19379.25,296
2025-03-31 18:20:00-05:00,19378.75,19379.25,19368.0,19369.75,704
2025-03-31 18:21:00-05:00,19369.75,19379.0,19369.0,19375.0,434
2025-03-31 18:22:00-05:00,19375.5,19375.75,19372.0,19374.0,267
2025-03-31 18:23:00-05:00,19374.5,19377.5,19369.0,19371.0,330
2025-03-31 18:24:00-05:00,19371.25,19373.0,19366.0,19371.5,573
2025-03-31 18:25:00-05:00,19372.5,19374.0,19367.5,19370.75,282
2025-03-31 18:26:00-05:00,19370.5,19373.0,19368.5,19369.5,154
2025-03-31 18:27:00-05:00,19370.0,19370.75,19356.25,19360.0,769
2025-03-31 18:28:00-05:00,19359.25,19364.0,19356.25,19361.75,805
2025-03-31 18:29:00-05:00,19361.75,19367.5,19361.75,19365.25,388
2025-03-31 18:30:00-05:00,19365.25,19368.25,19351.75,19354.5,781
2025-03-31 18:31:00-05:00,19354.75,19360.25,19354.0,19355.5,448
2025-03-31 18:32:00-05:00,19355.5,19359.75,19351.0,19359.0,498
2025-03-31 18:33:00-05:00,19359.25,19366.75,19358.75,19364.5,528
2025-03-31 18:34:00-05:00,19365.0,19368.25,19364.0,19366.25,333
2025-03-31 18:35:00-05:00,19365.75,19367.5,19362.5,19363.0,214
2025-03-31 18:36:00-05:00,19363.0,19367.25,19361.75,19367.25,235
2025-03-31 18:37:00-05:00,19367.0,19372.25,19361.0,19362.25,435
2025-03-31 18:38:00-05:00,19362.25,19362.75,19356.25,19357.25,439
2025-03-31 18:39:00-05:00,19357.25,19359.0,19355.0,19357.75,233
2025-03-31 18:40:00-05:00,19358.0,19364.0,19357.0,19357.0,283
2025-03-31 18:41:00-05:00,19356.75,19359.0,19351.5,19354.25,251
2025-03-31 18:42:00-05:00,19354.5,19357.75,19352.0,19354.0,215
2025-03-31 18:43:00-05:00,19353.0,19354.5,19350.25,19353.25,236
2025-03-31 18:44:00-05:00,19353.75,19355.0,19348.25,19353.25,517
2025-03-31 18:45:00-05:00,19352.75,19356.75,19347.0,19351.0,423
2025-03-31 18:46:00-05:00,19351.0,19353.75,19346.5,19347.5,201
2025-03-31 18:47:00-05:00,19347.5,19354.0,19347.5,19349.75,293
2025-03-31 18:48:00-05:00,19349.25,19352.0,19346.25,19348.0,385
2025-03-31 18:49:00-05:00,19348.5,19348.5,19341.5,19342.25,698
2025-03-31 18:50:00-05:00,19341.5,19345.25,19340.0,19344.0,373
2025-03-31 18:51:00-05:00,19344.25,19349.5,19343.75,19347.25,223
2025-03-31 18:52:00-05:00,19346.5,19353.75,19345.75,19353.25,266
2025-03-31 18:53:00-05:00,19353.0,19353.75,19348.0,19349.75,231
2025-03-31 18:54:00-05:00,19349.25,19351.75,19347.75,19351.0,178
2025-03-31 18:55:00-05:00,19351.0,19354.75,19347.75,19353.0,327
2025-03-31 18:56:00-05:00,19353.5,19354.5,19348.0,19352.25,195
2025-03-31 18:57:00-05:00,19352.0,19356.5,19351.25,19356.5,286
2025-03-31 18:58:00-05:00,19356.5,19363.0,19355.0,19358.0,652
2025-03-31 18:59:00-05:00,19358.25,19359.0,19353.25,19359.0,330
2025-03-31 19:00:00-05:00,19359.0,19360.5,19342.0,19350.5,1327
2025-03-31 19:01:00-05:00,19350.25,19350.5,19337.0,19340.0,1015
2025-03-31 19:02:00-05:00,19339.5,19343.25,19336.0,19338.0,692
2025-03-31 19:03:00-05:00,19338.5,19344.75,19337.0,19343.0,480
2025-03-31 19:04:00-05:00,19342.5,19347.75,19333.25,19341.0,739
2025-03-31 19:05:00-05:00,19341.5,19359.0,19341.25,19356.25,836
2025-03-31 19:06:00-05:00,19356.25,19361.5,19351.75,19354.25,702
2025-03-31 19:07:00-05:00,19355.5,19358.75,19341.25,19344.5,980
2025-03-31 19:08:00-05:00,19344.75,19356.25,19343.25,19351.25,445
2025-03-31 19:09:00-05:00,19350.5,19359.0,19350.5,19357.25,289
2025-03-31 19:10:00-05:00,19357.5,19363.0,19354.75,19358.75,488
2025-03-31 19:11:00-05:00,19360.25,19362.25,19354.25,19354.75,346
2025-03-31 19:12:00-05:00,19354.0,19354.5,19338.5,19341.75,678
2025-03-31 19:13:00-05:00,19342.5,19344.5,19338.0,19344.0,379
2025-03-31 19:14:00-05:00,19344.5,19346.25,19336.5,19338.5,379
2025-03-31 19:15:00-05:00,19338.5,19351.75,19338.25,19346.0,586
2025-03-31 19:16:00-05:00,19346.25,19352.25,19346.25,19348.25,428
2025-03-31 19:17:00-05:00,19349.0,19354.0,19348.25,19353.25,312
2025-03-31 19:18:00-05:00,19353.25,19361.5,19353.25,19357.5,430
2025-03-31 19:19:00-05:00,19357.5,19359.75,19353.75,19358.0,328
2025-03-31 19:20:00-05:00,19358.25,19361.25,19353.25,19355.5,403
2025-03-31 19:21:00-05:00,19355.25,19362.75,19353.5,19362.75,312
2025-03-31 19:22:00-05:00,19362.75,19364.5,19355.0,19356.25,448
2025-03-31 19:23:00-05:00,19355.5,19360.25,19353.5,19360.0,199
2025-03-31 19:24:00-05:00,19360.5,19362.0,19355.0,19356.75,257
2025-03-31 19:25:00-05:00,19357.0,19357.5,19345.25,19348.25,537
2025-03-31 19:26:00-05:00,19348.25,19350.0,19344.25,19347.0,297
2025-03-31 19:27:00-05:00,19346.5,19356.75,19345.25,19354.0,355
2025-03-31 19:28:00-05:00,19353.0,19358.0,19352.75,19353.75,179
2025-03-31 19:29:00-05:00,19353.75,19353.75,19349.25,19350.25,161
2025-03-31 19:30:00-05:00,19348.75,19349.0,19341.25,19344.25,395
2025-03-31 19:31:00-05:00,19344.25,19346.5,19339.25,19341.25,341
2025-03-31 19:32:00-05:00,19340.75,19340.75,19327.75,19332.5,1009
2025-03-31 19:33:00-05:00,19332.5,19341.75,19331.0,19338.5,547
2025-03-31 19:34:00-05:00,19338.0,19338.0,19325.75,19330.25,693
2025-03-31 19:35:00-05:00,19330.75,19331.25,19322.5,19328.25,922
2025-03-31 19:36:00-05:00,19328.0,19336.5,19327.0,19334.75,486
2025-03-31 19:37:00-05:00,19334.75,19338.0,19334.0,19336.75,279
2025-03-31 19:38:00-05:00,19337.25,19342.5,19337.0,19340.5,258
2025-03-31 19:39:00-05:00,19340.25,19342.75,19335.5,19341.75,259
2025-03-31 19:40:00-05:00,19342.25,19344.0,19330.25,19333.0,489
2025-03-31 19:41:00-05:00,19333.5,19333.75,19321.0,19324.0,650
2025-03-31 19:42:00-05:00,19323.75,19324.0,19311.25,19316.25,1204
2025-03-31 19:43:00-05:00,19316.5,19320.5,19313.0,19319.75,410
2025-03-31 19:44:00-05:00,19319.75,19325.5,19317.5,19324.75,444
2025-03-31 19:45:00-05:00,19324.5,19328.75,19322.25,19328.25,407
2025-03-31 19:46:00-05:00,19328.25,19334.0,19322.0,19323.0,527
2025-03-31 19:47:00-05:00,19323.0,19329.5,19320.0,19327.75,401
2025-03-31 19:48:00-05:00,19327.25,19327.75,19320.75,19327.0,276
2025-03-31 19:49:00-05:00,19326.5,19330.0,19325.5,19328.75,123
2025-03-31 19:50:00-05:00,19329.5,19331.75,19318.0,19319.75,435
2025-03-31 19:51:00-05:00,19319.25,19320.0,19292.0,19295.0,1640
2025-03-31 19:52:00-05:00,19294.75,19306.25,19292.5,19300.75,1182
2025-03-31 19:53:00-05:00,19301.25,19303.25,19297.75,19300.5,507
2025-03-31 19:54:00-05:00,19301.25,19303.5,19298.25,19302.75,399
2025-03-31 19:55:00-05:00,19303.25,19307.5,19300.25,19305.75,465
2025-03-31 19:56:00-05:00,19306.25,19309.5,19304.0,19308.25,306
2025-03-31 19:57:00-05:00,19308.25,19313.5,19306.0,19313.5,381
2025-03-31 19:58:00-05:00,19313.0,19322.25,19312.5,19319.0,703
2025-03-31 19:59:00-05:00,19319.25,19322.0,19318.0,19318.75,284
2025-03-31 20:00:00-05:00,19319.0,19320.0,19308.75,19318.0,703
2025-03-31 20:01:00-05:00,19318.5,19322.0,19315.5,19316.75,600
2025-03-31 20:02:00-05:00,19316.5,19317.0,19302.75,19307.25,804
2025-03-31 20:03:00-05:00,19306.75,19311.25,19304.0,19307.0,402
2025-03-31 20:04:00-05:00,19307.0,19310.0,19303.25,19307.25,358
2025-03-31 20:05:00-05:00,19307.25,19309.25,19302.75,19306.0,327
2025-03-31 20:06:00-05:00,19307.0,19312.0,19301.75,19303.25,526
2025-03-31 20:07:00-05:00,19303.25,19304.75,19293.25,19295.75,932
2025-03-31 20:08:00-05:00,19295.25,19301.0,19283.75,19289.0,1325
2025-03-31 20:09:00-05:00,19289.5,19297.5,19288.75,19294.5,596
2025-03-31 20:10:00-05:00,19294.0,19302.25,19294.0,19301.25,534
2025-03-31 20:11:00-05:00,19301.0,19307.0,19298.0,19298.5,502
2025-03-31 20:12:00-05:00,19299.25,19311.0,19299.0,19308.5,491
2025-03-31 20:13:00-05:00,19309.0,19314.5,19309.0,19314.5,389
2025-03-31 20:14:00-05:00,19314.0,19315.75,19309.75,19313.5,293
2025-03-31 20:15:00-05:00,19312.75,19317.0,19311.0,19317.0,303
2025-03-31 20:16:00-05:00,19317.0,19338.5,19315.0,19333.75,1313
2025-03-31 20:17:00-05:00,19333.5,19334.5,19324.5,19330.0,782
2025-03-31 20:18:00-05:00,19329.75,19332.5,19326.5,19329.0,404
2025-03-31 20:19:00-05:00,19328.0,19330.5,19327.5,19329.0,194
2025-03-31 20:20:00-05:00,19329.25,19332.75,19327.5,19329.0,257
2025-03-31 20:21:00-05:00,19328.5,19333.75,19324.75,19328.0,282
2025-03-31 20:22:00-05:00,19328.5,19332.25,19321.75,19331.0,469
2025-03-31 20:23:00-05:00,19331.0,19334.0,19328.75,19330.0,285
2025-03-31 20:24:00-05:00,19331.0,19337.0,19329.25,19336.0,275
2025-03-31 20:25:00-05:00,19335.75,19336.75,19331.25,19335.25,242
2025-03-31 20:26:00-05:00,19335.5,19335.5,19328.0,19328.0,237
2025-03-31 20:27:00-05:00,19328.75,19333.0,19328.5,19329.25,130
2025-03-31 20:28:00-05:00,19329.25,19336.5,19328.5,19334.75,306
2025-03-31 20:29:00-05:00,19334.75,19335.25,19330.25,19332.75,176
2025-03-31 20:30:00-05:00,19333.0,19340.0,19327.25,19328.5,612
2025-03-31 20:31:00-05:00,19328.75,19332.0,19325.25,19328.0,282
2025-03-31 20:32:00-05:00,19328.0,19329.75,19325.5,19325.75,176
2025-03-31 20:33:00-05:00,19326.0,19328.5,19322.0,19323.5,361
2025-03-31 20:34:00-05:00,19323.5,19324.75,19311.75,19314.25,749
2025-03-31 20:35:00-05:00,19314.75,19316.25,19311.0,19311.5,407
2025-03-31 20:36:00-05:00,19311.5,19313.0,19305.0,19306.75,537
2025-03-31 20:37:00-05:00,19307.25,19312.0,19305.5,19309.0,376
2025-03-31 20:38:00-05:00,19309.75,19317.5,19309.75,19316.5,472
2025-03-31 20:39:00-05:00,19316.25,19317.0,19311.25,19311.25,206
2025-03-31 20:40:00-05:00,19312.0,19314.25,19310.0,19313.25,287
2025-03-31 20:41:00-05:00,19313.75,19318.25,19313.25,19317.5,378
2025-03-31 20:42:00-05:00,19318.0,19320.0,19314.0,19315.0,391
2025-03-31 20:43:00-05:00,19315.25,19326.0,19315.25,19325.5,543
2025-03-31 20:44:00-05:00,19325.75,19333.75,19325.0,19333.75,562
2025-03-31 20:45:00-05:00,19333.75,19345.75,19333.75,19338.25,1116
2025-03-31 20:46:00-05:00,19338.0,19338.25,19332.75,19337.25,343
2025-03-31 20:47:00-05:00,19337.75,19344.25,19337.75,19343.25,439
2025-03-31 20:48:00-05:00,19343.25,19346.5,19339.5,19340.5,435
2025-03-31 20:49:00-05:00,19339.5,19345.0,19338.75,19343.5,213
2025-03-31 20:50:00-05:00,19343.5,19345.75,19342.75,19344.5,319
2025-03-31 20:51:00-05:00,19345.0,19346.5,19340.5,19346.0,257
2025-03-31 20:52:00-05:00,19346.0,19346.25,19341.25,19341.25,195
2025-03-31 20:53:00-05:00,19343.0,19343.75,19339.5,19341.5,237
2025-03-31 20:54:00-05:00,19341.25,19341.75,19337.25,19338.25,253
2025-03-31 20:55:00-05:00,19338.25,19340.5,19337.0,19339.5,159
2025-03-31 20:56:00-05:00,19339.0,19343.5,19338.75,19341.75,177
2025-03-31 20:57:00-05:00,19341.5,19343.75,19341.0,19341.5,146
2025-03-31 20:58:00-05:00,19342.5,19343.75,19340.0,19342.75,223
2025-03-31 20:59:00-05:00,19342.0,19342.75,19340.25,19341.0,105
2025-03-31 21:00:00-05:00,19340.0,19343.75,19335.75,19341.25,388
2025-03-31 21:01:00-05:00,19341.25,19342.5,19338.0,19340.0,150
2025-03-31 21:02:00-05:00,19340.0,19346.5,19339.25,19346.25,325
2025-03-31 21:03:00-05:00,19346.25,19346.25,19337.25,19339.5,400
2025-03-31 21:04:00-05:00,19339.0,19343.25,19336.5,19341.75,350
2025-03-31 21:05:00-05:00,19341.25,19343.5,19338.5,19340.0,148
2025-03-31 21:06:00-05:00,19340.5,19344.25,19338.5,19343.0,168
2025-03-31 21:07:00-05:00,19343.5,19344.75,19337.25,19338.25,136
2025-03-31 21:08:00-05:00,19338.5,19341.0,19334.25,19340.75,280
2025-03-31 21:09:00-05:00,19341.5,19342.25,19337.5,19340.0,103
2025-03-31 21:10:00-05:00,19340.25,19346.25,19340.25,19345.5,316
2025-03-31 21:11:00-05:00,19345.5,19349.0,19343.0,19344.25,377
2025-03-31 21:12:00-05:00,19345.0,19347.0,19343.75,19346.75,160
2025-03-31 21:13:00-05:00,19346.75,19350.25,19345.25,19346.75,291
2025-03-31 21:14:00-05:00,19346.75,19348.5,19346.0,19348.0,135
2025-03-31 21:15:00-05:00,19348.5,19354.25,19347.0,19352.5,400
2025-03-31 21:16:00-05:00,19352.25,19362.75,19351.25,19362.0,917
2025-03-31 21:17:00-05:00,19362.0,19362.5,19356.5,19358.25,467
2025-03-31 21:18:00-05:00,19358.0,19360.25,19356.75,19358.25,438
2025-03-31 21:19:00-05:00,19357.75,19361.25,19356.5,19359.5,238
2025-03-31 21:20:00-05:00,19359.5,19361.0,19357.75,19360.25,200
2025-03-31 21:21:00-05:00,19360.75,19365.25,19355.25,19364.25,623
2025-03-31 21:22:00-05:00,19364.25,19369.0,19360.5,19368.25,872
2025-03-31 21:23:00-05:00,19368.0,19368.25,19363.25,19366.75,322
2025-03-31 21:24:00-05:00,19366.75,19368.0,19364.75,19366.0,207
2025-03-31 21:25:00-05:00,19365.5,19369.0,19361.75,19366.75,342
2025-03-31 21:26:00-05:00,19367.0,19372.5,19367.0,19371.5,465
2025-03-31 21:27:00-05:00,19371.5,19372.0,19366.5,19369.0,367
2025-03-31 21:28:00-05:00,19368.25,19370.0,19363.5,19364.5,350
2025-03-31 21:29:00-05:00,19365.0,19366.0,19362.0,19365.5,209
2025-03-31 21:30:00-05:00,19364.75,19368.0,19363.25,19364.75,204
2025-03-31 21:31:00-05:00,19364.0,19367.0,19362.5,19364.5,158
2025-03-31 21:32:00-05:00,19364.0,19366.75,19362.75,19363.5,242
2025-03-31 21:33:00-05:00,19363.5,19369.25,19363.25,19368.0,204
2025-03-31 21:34:00-05:00,19368.5,19369.25,19365.5,19368.5,125
2025-03-31 21:35:00-05:00,19368.75,19368.75,19365.75,19368.25,108
2025-03-31 21:36:00-05:00,19368.5,19368.75,19365.75,19367.5,79
2025-03-31 21:37:00-05:00,19367.0,19368.0,19366.0,19366.75,75
2025-03-31 21:38:00-05:00,19366.75,19369.0,19363.75,19366.0,162
2025-03-31 21:39:00-05:00,19366.5,19369.25,19366.0,19368.0,112
2025-03-31 21:40:00-05:00,19367.25,19370.0,19366.25,19369.25,80
2025-03-31 21:41:00-05:00,19370.0,19372.25,19368.25,19370.5,295
2025-03-31 21:42:00-05:00,19370.75,19371.25,19368.0,19368.75,132
2025-03-31 21:43:00-05:00,19368.75,19368.75,19362.75,19366.0,255
2025-03-31 21:44:00-05:00,19365.75,19367.5,19364.75,19367.0,102
2025-03-31 21:45:00-05:00,19367.25,19369.0,19366.25,19368.0,99
2025-03-31 21:46:00-05:00,19368.5,19368.5,19363.75,19364.75,102
2025-03-31 21:47:00-05:00,19365.0,19369.75,19364.25,19366.0,98
2025-03-31 21:48:00-05:00,19366.25,19369.75,19366.25,19369.25,75
2025-03-31 21:49:00-05:00,19369.0,19372.25,19367.5,19371.5,151
2025-03-31 21:50:00-05:00,19371.0,19378.0,19371.0,19377.75,716
2025-03-31 21:51:00-05:00,19377.75,19378.75,19375.5,19377.0,234
2025-03-31 21:52:00-05:00,19377.5,19377.75,19374.75,19375.75,156
2025-03-31 21:53:00-05:00,19375.75,19381.0,19374.25,19378.25,458
2025-03-31 21:54:00-05:00,19378.75,19379.5,19375.5,19376.5,176
2025-03-31 21:55:00-05:00,19377.0,19378.0,19374.0,19375.25,190
2025-03-31 21:56:00-05:00,19375.5,19376.0,19372.5,19373.75,133
2025-03-31 21:57:00-05:00,19374.5,19382.5,19372.5,19381.25,347
2025-03-31 21:58:00-05:00,19380.75,19381.25,19377.5,19379.25,289
2025-03-31 21:59:00-05:00,19379.0,19381.75,19378.75,19381.0,213
2025-03-31 22:00:00-05:00,19380.75,19386.5,19378.5,19384.25,386
2025-03-31 22:01:00-05:00,19383.75,19384.0,19380.75,19382.25,269
2025-03-31 22:02:00-05:00,19382.0,19384.25,19381.0,19383.25,194
2025-03-31 22:03:00-05:00,19383.5,19384.25,19381.5,19381.5,117
2025-03-31 22:04:00-05:00,19382.0,19383.0,19380.0,19381.25,144
2025-03-31 22:05:00-05:00,19381.0,19381.75,19379.5,19380.0,145
2025-03-31 22:06:00-05:00,19380.5,19381.5,19377.0,19378.25,228
2025-03-31 22:07:00-05:00,19377.75,19380.0,19376.75,19379.0,141
2025-03-31 22:08:00-05:00,19379.75,19382.0,19377.0,19378.25,179
2025-03-31 22:09:00-05:00,19377.5,19377.5,19373.75,19377.25,302
2025-03-31 22:10:00-05:00,19376.75,19378.5,19375.75,19376.75,158
2025-03-31 22:11:00-05:00,19376.5,19378.0,19375.5,19376.75,58
2025-03-31 22:12:00-05:00,19376.25,19380.0,19376.25,19378.0,174
2025-03-31 22:13:00-05:00,19378.0,19381.75,19378.0,19378.75,133
2025-03-31 22:14:00-05:00,19378.25,19379.75,19377.5,19378.75,122
2025-03-31 22:15:00-05:00,19379.0,19379.75,19377.5,19378.0,68
2025-03-31 22:16:00-05:00,19377.5,19378.0,19376.25,19377.75,93
2025-03-31 22:17:00-05:00,19377.75,19378.25,19368.0,19368.75,508
2025-03-31 22:18:00-05:00,19369.25,19372.75,19369.25,19371.75,254
2025-03-31 22:19:00-05:00,19371.25,19373.25,19369.5,19372.75,136
2025-03-31 22:20:00-05:00,19372.5,19376.25,19371.5,19375.0,135
2025-03-31 22:21:00-05:00,19375.5,19376.5,19373.0,19374.5,117
2025-03-31 22:22:00-05:00,19373.75,19374.0,19371.75,19373.0,80
2025-03-31 22:23:00-05:00,19373.5,19373.5,19369.5,19371.0,137
2025-03-31 22:24:00-05:00,19371.5,19374.0,19371.25,19374.0,115
2025-03-31 22:25:00-05:00,19372.5,19373.75,19372.0,19373.0,61
2025-03-31 22:26:00-05:00,19372.0,19374.5,19371.75,19372.5,72
2025-03-31 22:27:00-05:00,19373.5,19374.0,19371.5,19373.75,74
2025-03-31 22:28:00-05:00,19374.0,19374.25,19370.75,19373.0,63
2025-03-31 22:29:00-05:00,19373.25,19373.5,19371.25,19371.5,47
2025-03-31 22:30:00-05:00,19372.0,19374.5,19360.75,19361.5,770
2025-03-31 22:31:00-05:00,19360.75,19366.5,19358.5,19364.5,609
2025-03-31 22:32:00-05:00,19364.25,19366.25,19359.25,19361.75,273
2025-03-31 22:33:00-05:00,19361.75,19362.5,19360.0,19361.5,179
2025-03-31 22:34:00-05:00,19361.25,19362.75,19358.75,19360.75,239
2025-03-31 22:35:00-05:00,19360.5,19363.0,19356.75,19357.75,363
2025-03-31 22:36:00-05:00,19358.25,19360.25,19356.5,19358.75,188
2025-03-31 22:37:00-05:00,19360.0,19363.25,19357.0,19358.25,214
2025-03-31 22:38:00-05:00,19358.5,19362.0,19358.5,19359.75,108
2025-03-31 22:39:00-05:00,19360.0,19362.0,19355.25,19355.25,212
2025-03-31 22:40:00-05:00,19355.25,19358.75,19355.0,19355.75,231
2025-03-31 22:41:00-05:00,19356.0,19364.25,19356.0,19362.5,268
2025-03-31 22:42:00-05:00,19362.5,19363.75,19359.5,19361.25,149
2025-03-31 22:43:00-05:00,19361.75,19362.75,19360.0,19361.0,140
2025-03-31 22:44:00-05:00,19361.5,19362.0,19358.75,19359.0,113
2025-03-31 22:45:00-05:00,19359.5,19364.25,19359.5,19362.75,155
2025-03-31 22:46:00-05:00,19362.25,19364.0,19360.0,19360.0,96
2025-03-31 22:47:00-05:00,19360.0,19364.25,19359.5,19363.75,116
2025-03-31 22:48:00-05:00,19364.25,19367.25,19361.25,19365.0,242
2025-03-31 22:49:00-05:00,19364.75,19366.5,19363.75,19366.25,192
2025-03-31 22:50:00-05:00,19366.75,19369.0,19361.75,19363.0,244
2025-03-31 22:51:00-05:00,19363.25,19366.25,19362.5,19366.25,99
2025-03-31 22:52:00-05:00,19367.25,19368.25,19363.25,19365.5,153
2025-03-31 22:53:00-05:00,19365.0,19368.25,19364.75,19365.5,156
2025-03-31 22:54:00-05:00,19365.75,19365.75,19361.25,19364.5,97
2025-03-31 22:55:00-05:00,19365.5,19366.25,19363.0,19364.0,50
2025-03-31 22:56:00-05:00,19363.5,19365.0,19363.5,19364.75,51
2025-03-31 22:57:00-05:00,19365.0,19365.5,19363.0,19364.25,61
2025-03-31 22:58:00-05:00,19365.0,19366.25,19364.5,19365.25,51
2025-03-31 22:59:00-05:00,19366.0,19366.5,19360.5,19360.5,129
2025-03-31 23:00:00-05:00,19360.25,19360.75,19342.25,19344.75,1151
2025-03-31 23:01:00-05:00,19344.75,19349.75,19344.75,19348.75,310
2025-03-31 23:02:00-05:00,19349.0,19349.25,19343.5,19345.75,326
2025-03-31 23:03:00-05:00,19345.5,19347.25,19343.0,19344.0,178
2025-03-31 23:04:00-05:00,19344.0,19345.75,19341.0,19341.75,314
2025-03-31 23:05:00-05:00,19341.75,19342.25,19334.75,19341.75,684
2025-03-31 23:06:00-05:00,19342.5,19346.5,19341.0,19343.25,312
2025-03-31 23:07:00-05:00,19343.75,19346.25,19343.25,19345.0,164
2025-03-31 23:08:00-05:00,19345.0,19351.25,19344.0,19351.25,319
2025-03-31 23:09:00-05:00,19351.5,19352.25,19347.0,19351.0,225
2025-03-31 23:10:00-05:00,19351.25,19354.25,19351.0,19351.75,196
2025-03-31 23:11:00-05:00,19352.25,19353.75,19350.25,19350.75,138
2025-03-31 23:12:00-05:00,19351.5,19353.75,19349.5,19353.5,138
2025-03-31 23:13:00-05:00,19353.5,19356.5,19353.25,19356.0,174
2025-03-31 23:14:00-05:00,19356.0,19357.0,19354.25,19355.75,140
2025-03-31 23:15:00-05:00,19355.75,19356.5,19354.5,19355.75,63
2025-03-31 23:16:00-05:00,19356.25,19359.0,19355.5,19356.5,150
2025-03-31 23:17:00-05:00,19357.25,19358.5,19356.75,19356.75,59
2025-03-31 23:18:00-05:00,19357.0,19358.5,19355.75,19358.0,63
2025-03-31 23:19:00-05:00,19357.5,19362.0,19357.0,19360.25,259
2025-03-31 23:20:00-05:00,19360.5,19361.0,19358.75,19359.5,156
2025-03-31 23:21:00-05:00,19360.5,19364.0,19358.5,19362.75,226
2025-03-31 23:22:00-05:00,19363.25,19363.5,19357.5,19359.25,256
2025-03-31 23:23:00-05:00,19360.25,19363.75,19359.0,19362.5,125
2025-03-31 23:24:00-05:00,19363.0,19364.5,19358.75,19360.75,187
2025-03-31 23:25:00-05:00,19361.25,19363.75,19360.75,19361.5,60
2025-03-31 23:26:00-05:00,19361.75,19362.5,19360.25,19361.0,62
2025-03-31 23:27:00-05:00,19361.5,19362.0,19355.0,19356.5,176
2025-03-31 23:28:00-05:00,19356.0,19356.0,19352.0,19352.75,304
2025-03-31 23:29:00-05:00,19352.75,19354.0,19349.0,19351.75,214
2025-03-31 23:30:00-05:00,19352.25,19353.75,19351.0,19351.25,90
2025-03-31 23:31:00-05:00,19351.75,19352.5,19350.5,19351.0,52
2025-03-31 23:32:00-05:00,19351.0,19354.0,19351.0,19353.5,63
2025-03-31 23:33:00-05:00,19353.25,19356.25,19353.25,19355.25,115
2025-03-31 23:34:00-05:00,19355.5,19358.75,19355.5,19356.75,115
2025-03-31 23:35:00-05:00,19357.25,19361.25,19356.5,19358.25,165
2025-03-31 23:36:00-05:00,19357.75,19358.5,19354.5,19356.5,144
2025-03-31 23:37:00-05:00,19356.5,19359.25,19356.5,19358.25,82
2025-03-31 23:38:00-05:00,19358.25,19359.5,19357.25,19359.25,62
2025-03-31 23:39:00-05:00,19358.75,19360.75,19356.75,19356.75,109
2025-03-31 23:40:00-05:00,19357.5,19357.75,19355.5,19355.75,109
2025-03-31 23:41:00-05:00,19355.5,19356.0,19348.75,19350.5,283
2025-03-31 23:42:00-05:00,19350.75,19352.25,19347.5,19350.5,185
2025-03-31 23:43:00-05:00,19350.5,19353.25,19348.75,19350.5,118
2025-03-31 23:44:00-05:00,19350.0,19351.0,19346.5,19350.25,168
2025-03-31 23:45:00-05:00,19350.0,19350.0,19347.5,19348.25,69
2025-03-31 23:46:00-05:00,19348.75,19351.5,19348.5,19350.5,99
2025-03-31 23:47:00-05:00,19351.0,19352.5,19350.5,19352.25,140
2025-03-31 23:48:00-05:00,19352.0,19353.75,19352.0,19353.5,112
2025-03-31 23:49:00-05:00,19353.75,19355.75,19353.0,19354.75,99
2025-03-31 23:50:00-05:00,19355.25,19357.75,19354.75,19357.0,117
2025-03-31 23:51:00-05:00,19357.0,19360.25,19356.0,19358.5,173
2025-03-31 23:52:00-05:00,19358.75,19364.25,19358.0,19363.25,309
2025-03-31 23:53:00-05:00,19363.5,19364.25,19359.25,19361.75,231
2025-03-31 23:54:00-05:00,19362.25,19364.75,19362.25,19364.5,126
2025-03-31 23:55:00-05:00,19364.5,19368.0,19363.75,19366.5,327
2025-03-31 23:56:00-05:00,19366.25,19367.5,19365.0,19365.0,120
2025-03-31 23:57:00-05:00,19365.0,19367.5,19363.5,19366.75,152
2025-03-31 23:58:00-05:00,19366.75,19366.75,19362.5,19365.0,130
2025-03-31 23:59:00-05:00,19364.5,19367.0,19363.75,19366.0,125
2025-04-01 00:00:00-05:00,19366.25,19368.25,19361.0,19366.5,459
2025-04-01 00:01:00-05:00,19366.0,19372.25,19365.75,19371.25,322
2025-04-01 00:02:00-05:00,19371.25,19376.5,19371.0,19373.0,482
2025-04-01 00:03:00-05:00,19372.75,19376.25,19371.75,19375.5,202
2025-04-01 00:04:00-05:00,19375.5,19381.5,19375.0,19378.25,534
2025-04-01 00:05:00-05:00,19378.75,19379.0,19376.25,19378.75,169
2025-04-01 00:06:00-05:00,19379.0,19386.0,19379.0,19384.75,392
2025-04-01 00:07:00-05:00,19385.0,19392.5,19382.0,19382.5,1011
2025-04-01 00:08:00-05:00,19382.0,19384.75,19378.0,19379.5,372
2025-04-01 00:09:00-05:00,19379.25,19380.0,19376.5,19378.5,287
2025-04-01 00:10:00-05:00,19377.5,19384.5,19377.5,19382.5,256
2025-04-01 00:11:00-05:00,19383.0,19387.0,19382.75,19383.25,237
2025-04-01 00:12:00-05:00,19384.25,19388.75,19382.5,19387.75,201
2025-04-01 00:13:00-05:00,19388.25,19389.0,19384.25,19387.75,271
2025-04-01 00:14:00-05:00,19388.0,19390.25,19386.0,19389.75,213
2025-04-01 00:15:00-05:00,19389.25,19393.0,19388.25,19392.75,347
2025-04-01 00:16:00-05:00,19392.5,19394.25,19390.0,19392.75,271
2025-04-01 00:17:00-05:00,19393.25,19395.5,19391.25,19394.5,287
2025-04-01 00:18:00-05:00,19393.5,19394.25,19387.0,19391.0,377
2025-04-01 00:19:00-05:00,19390.75,19395.0,19390.5,19391.25,178
2025-04-01 00:20:00-05:00,19391.75,19394.75,19391.25,19393.5,163
2025-04-01 00:21:00-05:00,19393.5,19397.5,19393.0,19395.5,278
2025-04-01 00:22:00-05:00,19395.25,19396.75,19394.5,19396.25,120
2025-04-01 00:23:00-05:00,19396.25,19398.5,19395.5,19396.75,309
2025-04-01 00:24:00-05:00,19396.25,19398.0,19395.75,19396.25,174
2025-04-01 00:25:00-05:00,19396.75,19397.75,19395.0,19395.25,189
2025-04-01 00:26:00-05:00,19394.75,19399.75,19394.0,19397.0,286
2025-04-01 00:27:00-05:00,19397.0,19398.5,19393.25,19395.75,192
2025-04-01 00:28:00-05:00,19396.0,19397.5,19393.0,19395.5,161
2025-04-01 00:29:00-05:00,19394.75,19396.0,19392.25,19395.0,160
2025-04-01 00:30:00-05:00,19394.5,19398.0,19394.0,19395.0,167
2025-04-01 00:31:00-05:00,19394.25,19395.5,19390.25,19390.5,367
2025-04-01 00:32:00-05:00,19390.25,19391.75,19383.75,19384.5,567
2025-04-01 00:33:00-05:00,19384.5,19384.75,19378.5,19379.75,445
2025-04-01 00:34:00-05:00,19379.25,19381.5,19378.5,19380.5,225
2025-04-01 00:35:00-05:00,19380.5,19381.0,19375.0,19375.0,326
2025-04-01 00:36:00-05:00,19376.0,19383.25,19374.25,19383.0,292
2025-04-01 00:37:00-05:00,19382.5,19385.0,19380.0,19380.5,229
2025-04-01 00:38:00-05:00,19380.25,19383.5,19378.75,19380.5,130
2025-04-01 00:39:00-05:00,19381.0,19381.0,19376.75,19378.75,152
2025-04-01 00:40:00-05:00,19379.5,19381.25,19370.25,19373.0,440
2025-04-01 00:41:00-05:00,19372.75,19377.25,19370.5,19375.5,248
2025-04-01 00:42:00-05:00,19375.75,19378.75,19375.0,19376.0,188
2025-04-01 00:43:00-05:00,19375.25,19377.5,19370.25,19372.0,214
2025-04-01 00:44:00-05:00,19371.5,19371.75,19365.0,19366.25,472
2025-04-01 00:45:00-05:00,19366.75,19367.25,19360.0,19361.25,448
2025-04-01 00:46:00-05:00,19361.75,19370.0,19361.0,19368.25,296
2025-04-01 00:47:00-05:00,19367.75,19368.75,19364.25,19367.75,159
2025-04-01 00:48:00-05:00,19367.0,19368.25,19365.5,19367.5,105
2025-04-01 00:49:00-05:00,19367.0,19367.75,19362.75,19365.25,135
2025-04-01 00:50:00-05:00,19364.75,19366.5,19360.25,19361.0,207
2025-04-01 00:51:00-05:00,19361.0,19366.25,19359.25,19362.75,310
2025-04-01 00:52:00-05:00,19362.25,19364.25,19361.0,19362.5,85
2025-04-01 00:53:00-05:00,19362.0,19368.25,19361.75,19368.0,223
2025-04-01 00:54:00-05:00,19368.25,19368.75,19366.25,19368.5,139
2025-04-01 00:55:00-05:00,19368.75,19372.25,19366.5,19367.5,404
2025-04-01 00:56:00-05:00,19367.5,19368.0,19362.5,19363.0,239
2025-04-01 00:57:00-05:00,19363.0,19366.0,19362.5,19363.0,137
2025-04-01 00:58:00-05:00,19363.0,19365.25,19362.0,19364.0,118
2025-04-01 00:59:00-05:00,19364.5,19365.0,19358.0,19360.0,391
2025-04-01 01:00:00-05:00,19359.25,19373.5,19351.25,19364.75,1323
2025-04-01 01:01:00-05:00,19364.75,19367.0,19356.0,19362.0,576
2025-04-01 01:02:00-05:00,19361.0,19363.75,19353.75,19356.25,398
2025-04-01 01:03:00-05:00,19356.5,19358.75,19349.5,19358.75,545
2025-04-01 01:04:00-05:00,19358.75,19362.0,19356.5,19359.25,301
2025-04-01 01:05:00-05:00,19358.5,19365.25,19358.25,19365.25,343
2025-04-01 01:06:00-05:00,19365.5,19378.75,19365.5,19369.75,794
2025-04-01 01:07:00-05:00,19369.5,19374.5,19364.0,19373.25,453
2025-04-01 01:08:00-05:00,19373.25,19374.75,19369.75,19373.0,234
2025-04-01 01:09:00-05:00,19373.5,19374.0,19365.5,19366.5,211
2025-04-01 01:10:00-05:00,19367.25,19370.75,19362.25,19365.25,394
2025-04-01 01:11:00-05:00,19364.75,19366.5,19357.0,19357.5,259
2025-04-01 01:12:00-05:00,19356.5,19362.0,19354.25,19355.5,405
2025-04-01 01:13:00-05:00,19355.0,19360.0,19354.25,19358.0,284
2025-04-01 01:14:00-05:00,19358.75,19368.25,19358.5,19366.25,354
2025-04-01 01:15:00-05:00,19366.25,19369.0,19363.0,19365.5,246
2025-04-01 01:16:00-05:00,19366.0,19375.0,19366.0,19373.75,252
2025-04-01 01:17:00-05:00,19373.5,19380.0,19371.25,19374.25,518
2025-04-01 01:18:00-05:00,19373.75,19380.5,19373.5,19379.75,231
2025-04-01 01:19:00-05:00,19379.5,19381.0,19375.5,19378.25,236
2025-04-01 01:20:00-05:00,19378.0,19381.0,19374.25,19374.75,194
2025-04-01 01:21:00-05:00,19375.0,19383.0,19375.0,19381.5,404
2025-04-01 01:22:00-05:00,19381.0,19389.25,19381.0,19386.25,487
2025-04-01 01:23:00-05:00,19386.75,19387.25,19378.25,19379.5,222
2025-04-01 01:24:00-05:00,19378.5,19380.0,19372.0,19373.75,320
2025-04-01 01:25:00-05:00,19373.25,19383.5,19371.25,19382.5,369
2025-04-01 01:26:00-05:00,19383.25,19387.25,19383.0,19384.75,251
2025-04-01 01:27:00-05:00,19385.0,19388.0,19380.5,19381.25,260
2025-04-01 01:28:00-05:00,19381.75,19384.0,19379.0,19381.25,196
2025-04-01 01:29:00-05:00,19381.25,19389.0,19377.75,19386.25,354
2025-04-01 01:30:00-05:00,19386.5,19387.5,19378.0,19386.0,411
2025-04-01 01:31:00-05:00,19386.5,19390.75,19380.0,19380.25,415
2025-04-01 01:32:00-05:00,19380.25,19386.5,19377.75,19383.25,272
2025-04-01 01:33:00-05:00,19382.5,19384.25,19379.5,19380.0,111
2025-04-01 01:34:00-05:00,19379.5,19385.75,19376.0,19378.0,309
2025-04-01 01:35:00-05:00,19378.5,19382.75,19377.25,19378.75,181
2025-04-01 01:36:00-05:00,19378.75,19380.75,19372.5,19377.0,281
2025-04-01 01:37:00-05:00,19377.75,19378.25,19373.0,19376.0,287
2025-04-01 01:38:00-05:00,19375.5,19382.25,19373.25,19380.25,259
2025-04-01 01:39:00-05:00,19379.25,19387.0,19379.25,19386.0,235
2025-04-01 01:40:00-05:00,19387.0,19389.5,19384.25,19388.0,341
2025-04-01 01:41:00-05:00,19388.0,19388.0,19380.0,19385.0,224
2025-04-01 01:42:00-05:00,19385.25,19386.75,19380.0,19380.0,126
2025-04-01 01:43:00-05:00,19380.0,19382.5,19379.0,19380.25,100
2025-04-01 01:44:00-05:00,19379.75,19393.0,19379.0,19393.0,263
2025-04-01 01:45:00-05:00,19392.75,19397.5,19391.5,19396.75,536
2025-04-01 01:46:00-05:00,19396.0,19400.0,19390.75,19395.25,493
2025-04-01 01:47:00-05:00,19395.0,19412.5,19394.5,19411.5,1212
2025-04-01 01:48:00-05:00,19410.75,19420.0,19410.75,19418.75,1040
2025-04-01 01:49:00-05:00,19419.0,19421.5,19416.0,19419.25,618
2025-04-01 01:50:00-05:00,19419.0,19421.25,19415.25,19417.25,384
2025-04-01 01:51:00-05:00,19417.75,19422.75,19414.25,19416.75,468
2025-04-01 01:52:00-05:00,19417.25,19430.0,19417.0,19422.25,793
2025-04-01 01:53:00-05:00,19422.0,19427.0,19421.0,19426.0,392
2025-04-01 01:54:00-05:00,19425.5,19431.5,19424.0,19425.75,540
2025-04-01 01:55:00-05:00,19425.0,19428.75,19421.5,19428.25,301
2025-04-01 01:56:00-05:00,19428.25,19433.0,19424.0,19432.0,381
2025-04-01 01:57:00-05:00,19431.75,19434.25,19428.25,19431.75,458
2025-04-01 01:58:00-05:00,19432.0,19436.75,19422.25,19423.75,742
2025-04-01 01:59:00-05:00,19423.0,19431.0,19416.25,19429.75,602
2025-04-01 02:00:00-05:00,19430.5,19435.5,19416.25,19424.0,1342
2025-04-01 02:01:00-05:00,19424.25,19438.75,19421.25,19428.25,747
2025-04-01 02:02:00-05:00,19429.0,19440.0,19427.75,19434.5,653
2025-04-01 02:03:00-05:00,19435.5,19450.5,19433.5,19448.75,1104
2025-04-01 02:04:00-05:00,19449.25,19466.75,19445.5,19463.75,1737
2025-04-01 02:05:00-05:00,19464.0,19469.0,19455.25,19460.5,1270
2025-04-01 02:06:00-05:00,19460.0,19473.0,19459.0,19465.25,1058
2025-04-01 02:07:00-05:00,19465.75,19474.5,19463.75,19473.5,643
2025-04-01 02:08:00-05:00,19473.75,19479.25,19468.5,19471.0,1111
2025-04-01 02:09:00-05:00,19471.5,19474.75,19459.5,19461.25,818
2025-04-01 02:10:00-05:00,19462.0,19464.5,19454.75,19459.0,983
2025-04-01 02:11:00-05:00,19458.5,19469.5,19457.5,19462.25,457
2025-04-01 02:12:00-05:00,19462.5,19468.5,19459.5,19466.25,602
2025-04-01 02:13:00-05:00,19466.75,19470.25,19459.5,19460.25,484
2025-04-01 02:14:00-05:00,19460.5,19460.5,19453.25,19453.25,412
2025-04-01 02:15:00-05:00,19453.75,19455.75,19444.0,19448.75,864
2025-04-01 02:16:00-05:00,19448.25,19449.25,19441.25,19442.75,696
2025-04-01 02:17:00-05:00,19442.25,19443.0,19433.75,19438.0,754
2025-04-01 02:18:00-05:00,19438.0,19442.75,19431.5,19439.25,617
2025-04-01 02:19:00-05:00,19440.0,19441.0,19433.5,19439.5,292
2025-04-01 02:20:00-05:00,19438.25,19445.0,19431.25,19434.0,596
2025-04-01 02:21:00-05:00,19434.0,19436.25,19428.5,19434.5,534
2025-04-01 02:22:00-05:00,19434.0,19437.75,19431.5,19436.25,370
2025-04-01 02:23:00-05:00,19435.5,19443.5,19431.75,19442.5,473
2025-04-01 02:24:00-05:00,19442.0,19442.75,19433.25,19433.25,533
2025-04-01 02:25:00-05:00,19433.25,19433.25,19417.5,19418.0,1303
2025-04-01 02:26:00-05:00,19418.5,19423.75,19417.0,19418.25,518
2025-04-01 02:27:00-05:00,19418.25,19419.25,19410.25,19413.5,913
2025-04-01 02:28:00-05:00,19413.75,19418.25,19411.25,19418.25,464
2025-04-01 02:29:00-05:00,19417.75,19418.5,19411.75,19417.0,543
2025-04-01 02:30:00-05:00,19417.5,19424.5,19410.0,19414.75,735
2025-04-01 02:31:00-05:00,19414.5,19416.25,19405.0,19415.25,693
2025-04-01 02:32:00-05:00,19415.75,19420.75,19412.0,19413.5,482
2025-04-01 02:33:00-05:00,19413.25,19413.5,19402.5,19405.0,528
2025-04-01 02:34:00-05:00,19405.25,19406.75,19397.25,19402.0,963
2025-04-01 02:35:00-05:00,19402.25,19406.25,19400.0,19403.0,506
2025-04-01 02:36:00-05:00,19403.5,19406.5,19401.5,19404.75,240
2025-04-01 02:37:00-05:00,19405.0,19409.0,19403.0,19403.25,349
2025-04-01 02:38:00-05:00,19404.0,19406.5,19398.0,19398.25,328
2025-04-01 02:39:00-05:00,19398.75,19401.25,19396.0,19396.0,372
2025-04-01 02:40:00-05:00,19396.0,19410.0,19395.75,19407.75,666
2025-04-01 02:41:00-05:00,19407.75,19410.25,19403.0,19406.5,464
2025-04-01 02:42:00-05:00,19406.25,19406.25,19395.25,19399.0,570
2025-04-01 02:43:00-05:00,19399.25,19403.5,19396.75,19402.5,285
2025-04-01 02:44:00-05:00,19403.75,19406.25,19395.5,19398.25,459
2025-04-01 02:45:00-05:00,19397.0,19407.0,19396.0,19405.5,402
2025-04-01 02:46:00-05:00,19406.0,19406.75,19395.5,19397.0,374
2025-04-01 02:47:00-05:00,19396.5,19404.25,19395.25,19402.0,288
2025-04-01 02:48:00-05:00,19401.25,19404.75,19399.0,19403.0,265
2025-04-01 02:49:00-05:00,19402.75,19409.75,19398.75,19405.75,382
2025-04-01 02:50:00-05:00,19407.0,19408.5,19390.5,19391.75,699
2025-04-01 02:51:00-05:00,19391.75,19394.75,19381.75,19393.5,1182
2025-04-01 02:52:00-05:00,19393.0,19404.25,19391.0,19395.5,656
2025-04-01 02:53:00-05:00,19396.0,19401.25,19394.5,19398.75,324
2025-04-01 02:54:00-05:00,19399.0,19399.5,19395.0,19397.75,220
2025-04-01 02:55:00-05:00,19397.75,19402.0,19394.0,19397.0,380
2025-04-01 02:56:00-05:00,19398.0,19401.25,19394.75,19399.75,220
2025-04-01 02:57:00-05:00,19398.75,19399.0,19392.25,19392.75,289
2025-04-01 02:58:00-05:00,19393.0,19395.75,19390.0,19391.5,300
2025-04-01 02:59:00-05:00,19391.0,19397.25,19388.25,19395.0,293
2025-04-01 03:00:00-05:00,19394.5,19394.5,19384.0,19390.0,1227
2025-04-01 03:01:00-05:00,19389.75,19398.0,19387.5,19396.5,542
2025-04-01 03:02:00-05:00,19396.5,19401.5,19392.5,19397.75,682
2025-04-01 03:03:00-05:00,19398.0,19403.0,19397.0,19399.0,411
2025-04-01 03:04:00-05:00,19399.75,19403.5,19397.0,19398.0,311
2025-04-01 03:05:00-05:00,19397.25,19398.75,19391.5,19396.5,570
2025-04-01 03:06:00-05:00,19396.75,19402.0,19396.5,19400.75,285
2025-04-01 03:07:00-05:00,19401.0,19409.5,19399.75,19408.25,588
2025-04-01 03:08:00-05:00,19408.75,19411.0,19405.0,19406.25,699
2025-04-01 03:09:00-05:00,19406.25,19410.25,19400.25,19402.0,412
2025-04-01 03:10:00-05:00,19402.75,19405.5,19398.5,19404.0,466
2025-04-01 03:11:00-05:00,19403.75,19406.75,19400.0,19402.0,261
2025-04-01 03:12:00-05:00,19401.25,19403.75,19395.25,19397.0,484
2025-04-01 03:13:00-05:00,19396.5,19404.25,19394.5,19404.25,405
2025-04-01 03:14:00-05:00,19403.75,19409.25,19399.0,19407.25,338
2025-04-01 03:15:00-05:00,19407.5,19412.25,19404.25,19410.5,521
2025-04-01 03:16:00-05:00,19410.0,19416.0,19406.0,19406.75,775
2025-04-01 03:17:00-05:00,19406.25,19406.25,19400.25,19401.0,462
2025-04-01 03:18:00-05:00,19400.5,19411.75,19398.75,19411.0,540
2025-04-01 03:19:00-05:00,19411.75,19424.25,19411.0,19423.5,1000
2025-04-01 03:20:00-05:00,19424.0,19425.25,19420.0,19424.25,567
2025-04-01 03:21:00-05:00,19424.75,19429.5,19423.75,19427.25,628
2025-04-01 03:22:00-05:00,19427.5,19434.75,19426.5,19434.25,628
2025-04-01 03:23:00-05:00,19434.25,19434.75,19431.25,19434.0,426
2025-04-01 03:24:00-05:00,19434.0,19434.5,19430.0,19433.0,406
2025-04-01 03:25:00-05:00,19432.0,19439.0,19431.0,19439.0,488
2025-04-01 03:26:00-05:00,19438.5,19439.0,19432.75,19436.25,404
2025-04-01 03:27:00-05:00,19436.25,19443.0,19433.25,19442.0,539
2025-04-01 03:28:00-05:00,19441.25,19452.25,19439.25,19451.0,761
2025-04-01 03:29:00-05:00,19451.75,19454.5,19446.0,19447.0,725
2025-04-01 03:30:00-05:00,19446.75,19448.0,19436.0,19440.25,701
2025-04-01 03:31:00-05:00,19441.0,19443.25,19434.75,19438.5,508
2025-04-01 03:32:00-05:00,19439.25,19449.5,19437.5,19447.25,489
2025-04-01 03:33:00-05:00,19448.0,19450.0,19446.5,19447.0,235
2025-04-01 03:34:00-05:00,19447.75,19449.0,19445.5,19447.5,222
2025-04-01 03:35:00-05:00,19447.5,19451.0,19445.75,19446.5,250
2025-04-01 03:36:00-05:00,19446.0,19451.5,19443.75,19450.0,343
2025-04-01 03:37:00-05:00,19450.0,19450.5,19440.25,19447.0,351
2025-04-01 03:38:00-05:00,19446.25,19448.0,19443.25,19445.0,249
2025-04-01 03:39:00-05:00,19445.25,19452.5,19443.75,19450.75,299
2025-04-01 03:40:00-05:00,19450.25,19452.75,19445.75,19452.25,259
2025-04-01 03:41:00-05:00,19452.5,19461.5,19452.0,19461.0,754
2025-04-01 03:42:00-05:00,19461.25,19467.5,19458.75,19466.5,821
2025-04-01 03:43:00-05:00,19467.0,19467.25,19461.25,19464.0,410
2025-04-01 03:44:00-05:00,19464.5,19466.0,19460.5,19463.75,261
2025-04-01 03:45:00-05:00,19464.0,19465.75,19456.75,19460.5,417
2025-04-01 03:46:00-05:00,19459.75,19460.25,19450.75,19451.25,465
2025-04-01 03:47:00-05:00,19451.5,19454.75,19448.0,19453.75,413
2025-04-01 03:48:00-05:00,19453.0,19457.25,19451.0,19452.25,298
2025-04-01 03:49:00-05:00,19452.5,19455.0,19450.75,19453.25,182
2025-04-01 03:50:00-05:00,19453.75,19458.0,19452.5,19454.5,221
2025-04-01 03:51:00-05:00,19454.25,19462.25,19452.5,19461.75,319
2025-04-01 03:52:00-05:00,19461.25,19463.75,19461.0,19462.0,216
2025-04-01 03:53:00-05:00,19461.75,19466.75,19460.5,19466.0,302
2025-04-01 03:54:00-05:00,19465.5,19467.0,19464.75,19466.5,177
2025-04-01 03:55:00-05:00,19466.5,19469.0,19463.0,19466.0,338
2025-04-01 03:56:00-05:00,19465.25,19471.75,19462.75,19471.0,475
2025-04-01 03:57:00-05:00,19470.75,19471.75,19467.0,19468.75,322
2025-04-01 03:58:00-05:00,19469.0,19473.25,19465.0,19470.0,416
2025-04-01 03:59:00-05:00,19469.5,19472.0,19466.5,19469.25,313
2025-04-01 04:00:00-05:00,19469.25,19480.0,19468.5,19473.75,916
2025-04-01 04:01:00-05:00,19474.0,19487.75,19473.0,19486.0,1633
2025-04-01 04:02:00-05:00,19485.75,19487.25,19480.0,19481.75,558
2025-04-01 04:03:00-05:00,19481.5,19482.5,19466.25,19467.0,697
2025-04-01 04:04:00-05:00,19467.5,19469.75,19459.75,19464.75,692
2025-04-01 04:05:00-05:00,19464.25,19468.75,19461.0,19466.25,469
2025-04-01 04:06:00-05:00,19466.25,19474.75,19466.25,19474.5,447
2025-04-01 04:07:00-05:00,19474.75,19475.75,19471.0,19474.5,217
2025-04-01 04:08:00-05:00,19473.5,19477.25,19472.0,19475.0,293
2025-04-01 04:09:00-05:00,19475.0,19475.0,19466.25,19469.25,462
2025-04-01 04:10:00-05:00,19469.5,19475.75,19469.0,19475.75,294
2025-04-01 04:11:00-05:00,19475.25,19478.5,19471.0,19475.0,390
2025-04-01 04:12:00-05:00,19474.75,19476.0,19467.25,19469.5,315
2025-04-01 04:13:00-05:00,19470.5,19470.5,19460.75,19463.25,351
2025-04-01 04:14:00-05:00,19463.5,19466.25,19461.0,19461.75,264
2025-04-01 04:15:00-05:00,19462.75,19469.0,19461.0,19468.25,440
2025-04-01 04:16:00-05:00,19467.75,19470.5,19464.25,19470.25,245
2025-04-01 04:17:00-05:00,19470.0,19475.0,19466.5,19474.0,246
2025-04-01 04:18:00-05:00,19474.25,19482.75,19473.5,19480.5,541
2025-04-01 04:19:00-05:00,19480.75,19485.0,19479.25,19482.5,496
2025-04-01 04:20:00-05:00,19482.5,19484.0,19480.25,19482.25,279
2025-04-01 04:21:00-05:00,19481.75,19485.25,19479.5,19482.25,345
2025-04-01 04:22:00-05:00,19483.0,19486.0,19481.25,19482.0,288
2025-04-01 04:23:00-05:00,19482.5,19483.5,19479.5,19482.0,230
2025-04-01 04:24:00-05:00,19482.25,19488.5,19481.25,19487.25,453
2025-04-01 04:25:00-05:00,19487.0,19487.75,19473.25,19474.0,627
2025-04-01 04:26:00-05:00,19473.75,19479.75,19473.0,19474.5,379
2025-04-01 04:27:00-05:00,19474.75,19483.0,19473.5,19479.0,309
2025-04-01 04:28:00-05:00,19479.25,19482.0,19477.0,19481.5,184
2025-04-01 04:29:00-05:00,19481.0,19481.5,19477.5,19479.75,150
2025-04-01 04:30:00-05:00,19480.0,19486.0,19476.75,19481.5,348
2025-04-01 04:31:00-05:00,19482.0,19484.0,19479.0,19483.5,232
2025-04-01 04:32:00-05:00,19484.25,19493.25,19483.0,19488.0,1001
2025-04-01 04:33:00-05:00,19487.5,19499.0,19487.5,19498.75,953
2025-04-01 04:34:00-05:00,19498.0,19500.5,19491.25,19493.75,1076
2025-04-01 04:35:00-05:00,19493.75,19497.5,19492.75,19494.25,469
2025-04-01 04:36:00-05:00,19495.0,19495.5,19490.5,19491.75,381
2025-04-01 04:37:00-05:00,19491.25,19491.25,19486.0,19489.0,434
2025-04-01 04:38:00-05:00,19489.25,19497.0,19488.0,19495.0,279
2025-04-01 04:39:00-05:00,19496.0,19499.25,19494.0,19499.25,255
2025-04-01 04:40:00-05:00,19499.0,19507.25,19497.5,19499.75,1254
2025-04-01 04:41:00-05:00,19500.0,19503.25,19496.5,19499.75,539
2025-04-01 04:42:00-05:00,19500.25,19502.25,19498.25,19498.5,320
2025-04-01 04:43:00-05:00,19498.5,19500.0,19497.75,19498.75,228
2025-04-01 04:44:00-05:00,19498.5,19502.5,19498.5,19501.5,229
2025-04-01 04:45:00-05:00,19501.5,19502.25,19498.75,19501.25,180
2025-04-01 04:46:00-05:00,19501.0,19504.25,19499.5,19499.5,229
2025-04-01 04:47:00-05:00,19499.5,19503.0,19498.25,19502.0,272
2025-04-01 04:48:00-05:00,19502.0,19505.0,19501.0,19505.0,140
2025-04-01 04:49:00-05:00,19505.25,19508.75,19503.75,19505.25,412
2025-04-01 04:50:00-05:00,19504.5,19511.5,19501.0,19508.25,631
2025-04-01 04:51:00-05:00,19507.75,19508.25,19494.5,19498.5,940
2025-04-01 04:52:00-05:00,19498.5,19502.0,19494.5,19494.75,397
2025-04-01 04:53:00-05:00,19494.25,19498.75,19490.75,19497.5,608
2025-04-01 04:54:00-05:00,19497.0,19497.75,19491.75,19497.0,354
2025-04-01 04:55:00-05:00,19497.25,19504.25,19496.0,19496.0,521
2025-04-01 04:56:00-05:00,19496.5,19496.5,19488.0,19488.75,516
2025-04-01 04:57:00-05:00,19489.0,19490.75,19485.5,19490.75,378
2025-04-01 04:58:00-05:00,19489.75,19492.0,19486.25,19491.75,249
2025-04-01 04:59:00-05:00,19491.75,19492.75,19485.5,19487.0,334
2025-04-01 05:00:00-05:00,19488.0,19491.75,19468.75,19473.0,1973
2025-04-01 05:01:00-05:00,19472.75,19475.5,19447.25,19455.0,3336
2025-04-01 05:02:00-05:00,19454.75,19456.5,19444.0,19450.5,1403
2025-04-01 05:03:00-05:00,19451.25,19456.5,19444.0,19448.5,1107
2025-04-01 05:04:00-05:00,19446.75,19464.25,19446.75,19463.5,1232
2025-04-01 05:05:00-05:00,19463.25,19469.75,19460.75,19467.75,750
2025-04-01 05:06:00-05:00,19467.25,19467.75,19456.5,19463.75,488
2025-04-01 05:07:00-05:00,19463.75,19464.0,19442.75,19446.75,1445
2025-04-01 05:08:00-05:00,19447.0,19449.25,19436.25,19438.75,1348
2025-04-01 05:09:00-05:00,19438.75,19438.75,19419.25,19422.75,1917
2025-04-01 05:10:00-05:00,19422.75,19427.5,19411.0,19417.5,1413
2025-04-01 05:11:00-05:00,19417.75,19433.0,19405.75,19423.75,1734
2025-04-01 05:12:00-05:00,19423.75,19427.0,19411.75,19412.75,787
2025-04-01 05:13:00-05:00,19412.5,19417.0,19405.75,19412.5,827
2025-04-01 05:14:00-05:00,19413.0,19431.75,19413.0,19422.25,935
2025-04-01 05:15:00-05:00,19422.5,19425.25,19413.5,19418.5,889
2025-04-01 05:16:00-05:00,19418.25,19434.5,19417.75,19433.0,813
2025-04-01 05:17:00-05:00,19432.75,19436.25,19422.75,19427.25,693
2025-04-01 05:18:00-05:00,19426.75,19430.25,19420.75,19421.25,623
2025-04-01 05:19:00-05:00,19421.25,19428.5,19420.25,19422.75,396
2025-04-01 05:20:00-05:00,19422.5,19435.5,19417.0,19422.25,809
2025-04-01 05:21:00-05:00,19421.0,19427.5,19419.5,19425.25,253
2025-04-01 05:22:00-05:00,19425.0,19427.25,19419.25,19422.75,238
2025-04-01 05:23:00-05:00,19422.5,19423.75,19416.75,19420.0,312
2025-04-01 05:24:00-05:00,19420.0,19423.5,19409.5,19412.25,723
2025-04-01 05:25:00-05:00,19413.0,19419.0,19411.25,19419.0,388
2025-04-01 05:26:00-05:00,19417.75,19420.75,19408.5,19411.25,408
2025-04-01 05:27:00-05:00,19411.0,19411.0,19392.0,19401.0,1508
2025-04-01 05:28:00-05:00,19401.5,19406.5,19392.0,19396.25,732
2025-04-01 05:29:00-05:00,19395.5,19399.25,19389.25,19392.25,759
2025-04-01 05:30:00-05:00,19391.25,19394.75,19375.0,19380.0,1705
2025-04-01 05:31:00-05:00,19380.75,19381.0,19361.0,19366.25,1691
2025-04-01 05:32:00-05:00,19364.75,19371.0,19361.75,19363.25,1054
2025-04-01 05:33:00-05:00,19363.25,19364.75,19342.5,19350.25,2027
2025-04-01 05:34:00-05:00,19350.0,19374.0,19348.75,19373.75,1483
2025-04-01 05:35:00-05:00,19373.5,19375.5,19361.25,19367.5,870
2025-04-01 05:36:00-05:00,19367.0,19380.75,19364.0,19377.75,1088
2025-04-01 05:37:00-05:00,19377.0,19384.5,19374.0,19374.25,1146
2025-04-01 05:38:00-05:00,19374.0,19378.25,19368.75,19376.5,546
2025-04-01 05:39:00-05:00,19376.0,19386.25,19372.5,19374.25,643
2025-04-01 05:40:00-05:00,19375.25,19395.5,19373.5,19393.25,1015
2025-04-01 05:41:00-05:00,19392.5,19398.75,19389.75,19392.75,832
2025-04-01 05:42:00-05:00,19393.25,19408.0,19392.0,19405.5,1113
2025-04-01 05:43:00-05:00,19405.25,19405.25,19389.5,19389.75,798
2025-04-01 05:44:00-05:00,19389.75,19395.25,19381.75,19386.25,744
2025-04-01 05:45:00-05:00,19386.0,19393.75,19377.0,19391.25,932
2025-04-01 05:46:00-05:00,19390.75,19398.5,19385.75,19395.75,694
2025-04-01 05:47:00-05:00,19396.0,19407.75,19394.25,19406.5,925
2025-04-01 05:48:00-05:00,19406.0,19408.75,19402.0,19406.75,500
2025-04-01 05:49:00-05:00,19406.75,19416.25,19404.0,19414.75,1069
2025-04-01 05:50:00-05:00,19414.5,19417.75,19400.5,19403.5,1194
2025-04-01 05:51:00-05:00,19403.5,19411.0,19402.25,19410.0,415
2025-04-01 05:52:00-05:00,19410.0,19416.75,19408.0,19416.5,573
2025-04-01 05:53:00-05:00,19416.5,19416.5,19408.0,19408.75,425
2025-04-01 05:54:00-05:00,19408.25,19413.75,19401.0,19411.0,666
2025-04-01 05:55:00-05:00,19410.75,19410.75,19401.25,19406.75,520
2025-04-01 05:56:00-05:00,19405.5,19409.25,19397.5,19405.5,671
2025-04-01 05:57:00-05:00,19405.75,19410.0,19404.25,19405.5,360
2025-04-01 05:58:00-05:00,19405.0,19412.75,19402.25,19402.75,578
2025-04-01 05:59:00-05:00,19402.5,19406.25,19397.5,19405.0,585
2025-04-01 06:00:00-05:00,19405.25,19407.25,19389.75,19391.25,1182
2025-04-01 06:01:00-05:00,19391.25,19395.25,19378.25,19379.75,1436
2025-04-01 06:02:00-05:00,19379.25,19387.25,19375.25,19382.5,1106
2025-04-01 06:03:00-05:00,19382.0,19397.25,19382.0,19390.75,857
2025-04-01 06:04:00-05:00,19389.25,19399.0,19388.0,19391.25,482
2025-04-01 06:05:00-05:00,19391.25,19402.75,19388.5,19389.25,567
2025-04-01 06:06:00-05:00,19388.5,19397.5,19384.25,19390.25,513
2025-04-01 06:07:00-05:00,19389.5,19393.25,19384.75,19392.5,466
2025-04-01 06:08:00-05:00,19392.25,19392.25,19383.5,19384.0,334
2025-04-01 06:09:00-05:00,19383.75,19392.0,19382.5,19383.5,401
2025-04-01 06:10:00-05:00,19383.5,19387.25,19369.5,19373.75,977
2025-04-01 06:11:00-05:00,19372.5,19377.5,19369.75,19376.0,874
2025-04-01 06:12:00-05:00,19376.25,19388.5,19375.5,19384.75,733
2025-04-01 06:13:00-05:00,19383.75,19386.5,19373.0,19373.5,492
2025-04-01 06:14:00-05:00,19373.25,19374.5,19363.75,19365.25,942
2025-04-01 06:15:00-05:00,19365.0,19370.75,19363.0,19363.25,739
2025-04-01 06:16:00-05:00,19363.75,19367.75,19356.0,19357.75,976
2025-04-01 06:17:00-05:00,19357.75,19371.75,19353.25,19371.0,1061
2025-04-01 06:18:00-05:00,19370.0,19376.75,19369.0,19374.75,762
2025-04-01 06:19:00-05:00,19374.25,19378.0,19365.75,19377.25,712
2025-04-01 06:20:00-05:00,19377.0,19379.25,19366.0,19376.75,728
2025-04-01 06:21:00-05:00,19376.5,19378.0,19366.75,19367.0,337
2025-04-01 06:22:00-05:00,19367.0,19367.0,19356.5,19358.25,904
2025-04-01 06:23:00-05:00,19358.5,19363.25,19356.0,19359.75,439
2025-04-01 06:24:00-05:00,19359.75,19370.75,19356.75,19369.5,468
2025-04-01 06:25:00-05:00,19369.0,19373.25,19364.0,19365.0,442
2025-04-01 06:26:00-05:00,19363.75,19371.0,19359.25,19370.25,594
2025-04-01 06:27:00-05:00,19369.5,19375.0,19366.0,19369.5,416
2025-04-01 06:28:00-05:00,19369.25,19370.0,19357.0,19360.25,512
2025-04-01 06:29:00-05:00,19360.0,19360.75,19352.0,19360.5,683
2025-04-01 06:30:00-05:00,19360.5,19372.0,19355.5,19370.5,716
2025-04-01 06:31:00-05:00,19370.25,19371.75,19340.5,19341.25,1875
2025-04-01 06:32:00-05:00,19341.25,19341.25,19325.0,19333.0,2057
2025-04-01 06:33:00-05:00,19333.0,19351.5,19332.5,19350.75,955
2025-04-01 06:34:00-05:00,19351.0,19363.0,19345.5,19347.5,1122
2025-04-01 06:35:00-05:00,19347.25,19351.5,19341.25,19345.0,808
2025-04-01 06:36:00-05:00,19344.0,19346.25,19331.5,19333.75,1232
2025-04-01 06:37:00-05:00,19332.75,19335.0,19311.5,19319.5,1944
2025-04-01 06:38:00-05:00,19319.25,19327.5,19313.0,19324.75,1206
2025-04-01 06:39:00-05:00,19324.25,19327.5,19316.0,19323.0,861
2025-04-01 06:40:00-05:00,19323.25,19333.5,19317.5,19332.0,829
2025-04-01 06:41:00-05:00,19332.75,19335.25,19318.0,19323.5,853
2025-04-01 06:42:00-05:00,19323.0,19330.5,19317.75,19329.75,527
2025-04-01 06:43:00-05:00,19330.5,19337.0,19326.0,19336.0,519
2025-04-01 06:44:00-05:00,19336.5,19348.25,19334.75,19345.0,1144
2025-04-01 06:45:00-05:00,19344.25,19354.5,19343.0,19351.75,944
2025-04-01 06:46:00-05:00,19352.0,19357.25,19345.75,19348.25,791
2025-04-01 06:47:00-05:00,19347.75,19358.5,19347.75,19352.75,601
2025-04-01 06:48:00-05:00,19353.5,19360.25,19350.75,19357.75,657
2025-04-01 06:49:00-05:00,19358.25,19358.25,19347.25,19352.5,600
2025-04-01 06:50:00-05:00,19351.25,19354.5,19344.25,19344.5,547
2025-04-01 06:51:00-05:00,19345.0,19356.5,19343.75,19347.25,618
2025-04-01 06:52:00-05:00,19347.25,19350.75,19336.25,19339.0,865
2025-04-01 06:53:00-05:00,19339.0,19345.5,19330.5,19332.75,752
2025-04-01 06:54:00-05:00,19332.0,19337.5,19329.25,19335.5,559
2025-04-01 06:55:00-05:00,19335.5,19344.25,19329.5,19339.25,655
2025-04-01 06:56:00-05:00,19339.25,19358.75,19338.5,19355.75,994
2025-04-01 06:57:00-05:00,19355.5,19362.5,19350.5,19356.0,876
2025-04-01 06:58:00-05:00,19355.5,19361.5,19353.0,19358.0,440
2025-04-01 06:59:00-05:00,19357.5,19358.5,19350.0,19354.5,554
2025-04-01 07:00:00-05:00,19353.75,19362.5,19347.0,19358.0,1190
2025-04-01 07:01:00-05:00,19357.5,19362.0,19344.25,19358.75,992
2025-04-01 07:02:00-05:00,19358.0,19363.5,19348.0,19361.75,686
2025-04-01 07:03:00-05:00,19361.75,19362.25,19349.75,19352.0,519
2025-04-01 07:04:00-05:00,19351.5,19351.75,19343.25,19347.25,565
2025-04-01 07:05:00-05:00,19347.5,19349.5,19337.25,19347.5,786
2025-04-01 07:06:00-05:00,19346.5,19362.25,19345.5,19361.0,919
2025-04-01 07:07:00-05:00,19361.0,19368.0,19356.25,19367.5,1193
2025-04-01 07:08:00-05:00,19367.75,19374.75,19364.25,19372.25,1181
2025-04-01 07:09:00-05:00,19371.75,19377.5,19369.25,19375.5,888
2025-04-01 07:10:00-05:00,19374.25,19378.75,19372.5,19375.5,861
2025-04-01 07:11:00-05:00,19375.0,19380.75,19370.25,19371.5,932
2025-04-01 07:12:00-05:00,19372.0,19374.0,19355.0,19356.0,1449
2025-04-01 07:13:00-05:00,19356.0,19359.0,19352.0,19358.0,893
2025-04-01 07:14:00-05:00,19357.25,19370.0,19353.25,19369.25,808
2025-04-01 07:15:00-05:00,19369.5,19377.25,19365.25,19373.0,787
2025-04-01 07:16:00-05:00,19373.25,19389.75,19373.25,19379.0,1675
2025-04-01 07:17:00-05:00,19378.5,19379.0,19370.75,19371.75,662
2025-04-01 07:18:00-05:00,19371.5,19375.5,19361.75,19362.25,852
2025-04-01 07:19:00-05:00,19362.0,19368.75,19358.0,19362.25,895
2025-04-01 07:20:00-05:00,19362.5,19366.25,19356.0,19362.5,694
2025-04-01 07:21:00-05:00,19362.0,19362.0,19345.0,19346.0,1318
2025-04-01 07:22:00-05:00,19345.75,19350.25,19337.75,19349.5,1286
2025-04-01 07:23:00-05:00,19348.5,19349.75,19340.5,19347.75,680
2025-04-01 07:24:00-05:00,19348.0,19355.75,19348.0,19352.75,693
2025-04-01 07:25:00-05:00,19353.75,19354.25,19343.0,19347.75,679
2025-04-01 07:26:00-05:00,19347.5,19354.75,19343.75,19352.25,441
2025-04-01 07:27:00-05:00,19352.75,19359.75,19351.25,19355.0,614
2025-04-01 07:28:00-05:00,19355.0,19357.0,19350.0,19354.0,526
2025-04-01 07:29:00-05:00,19354.75,19361.5,19345.25,19358.5,865
2025-04-01 07:30:00-05:00,19357.5,19363.25,19353.75,19360.25,623
2025-04-01 07:31:00-05:00,19358.75,19377.25,19355.0,19374.0,1572
2025-04-01 07:32:00-05:00,19374.0,19380.0,19365.25,19372.5,1045
2025-04-01 07:33:00-05:00,19372.25,19377.25,19364.75,19370.5,846
2025-04-01 07:34:00-05:00,19370.25,19373.75,19365.25,19368.25,621
2025-04-01 07:35:00-05:00,19367.75,19379.0,19365.0,19379.0,769
2025-04-01 07:36:00-05:00,19379.0,19380.75,19365.0,19366.25,1125
2025-04-01 07:37:00-05:00,19366.25,19368.25,19358.25,19360.75,946
2025-04-01 07:38:00-05:00,19360.25,19376.0,19359.25,19375.75,783
2025-04-01 07:39:00-05:00,19376.0,19377.25,19368.0,19370.5,647
2025-04-01 07:40:00-05:00,19371.0,19376.75,19360.75,19361.5,873
2025-04-01 07:41:00-05:00,19362.0,19366.75,19358.5,19365.75,803
2025-04-01 07:42:00-05:00,19365.25,19367.0,19355.0,19366.0,909
2025-04-01 07:43:00-05:00,19365.75,19370.0,19362.5,19363.25,730
2025-04-01 07:44:00-05:00,19362.75,19367.0,19358.5,19364.75,741
2025-04-01 07:45:00-05:00,19365.75,19372.5,19358.75,19365.25,903
2025-04-01 07:46:00-05:00,19365.25,19372.75,19361.75,19371.5,648
2025-04-01 07:47:00-05:00,19370.75,19374.25,19369.5,19371.5,415
2025-04-01 07:48:00-05:00,19371.0,19372.25,19355.75,19358.25,1262
2025-04-01 07:49:00-05:00,19358.75,19369.5,19356.5,19369.25,574
2025-04-01 07:50:00-05:00,19368.5,19388.25,19368.25,19387.0,1567
2025-04-01 07:51:00-05:00,19387.25,19389.25,19382.0,19388.25,1004
2025-04-01 07:52:00-05:00,19388.0,19392.75,19386.0,19391.25,1038
2025-04-01 07:53:00-05:00,19390.75,19392.25,19381.75,19382.25,784
2025-04-01 07:54:00-05:00,19382.25,19384.25,19376.0,19382.0,858
2025-04-01 07:55:00-05:00,19382.25,19391.75,19380.25,19386.5,946
2025-04-01 07:56:00-05:00,19387.0,19390.5,19384.5,19387.5,549
2025-04-01 07:57:00-05:00,19387.25,19391.5,19383.0,19389.5,596
2025-04-01 07:58:00-05:00,19389.0,19395.0,19380.25,19393.5,1535
2025-04-01 07:59:00-05:00,19394.25,19394.25,19381.75,19382.5,743
2025-04-01 08:00:00-05:00,19382.75,19391.0,19380.5,19384.5,1237
2025-04-01 08:01:00-05:00,19385.25,19401.25,19383.75,19397.0,1930
2025-04-01 08:02:00-05:00,19396.5,19407.0,19395.0,19397.75,1801
2025-04-01 08:03:00-05:00,19397.5,19399.25,19394.5,19396.25,647
2025-04-01 08:04:00-05:00,19396.25,19399.25,19391.25,19394.5,1075
2025-04-01 08:05:00-05:00,19394.25,19402.0,19388.0,19400.0,1637
2025-04-01 08:06:00-05:00,19399.5,19399.5,19385.5,19387.25,1256
2025-04-01 08:07:00-05:00,19387.0,19396.25,19385.25,19396.25,906
2025-04-01 08:08:00-05:00,19396.25,19399.0,19388.5,19397.0,765
2025-04-01 08:09:00-05:00,19396.25,19401.25,19394.0,19397.25,775
2025-04-01 08:10:00-05:00,19397.25,19404.5,19396.25,19399.25,1190
2025-04-01 08:11:00-05:00,19399.5,19409.25,19397.75,19409.25,1276
2025-04-01 08:12:00-05:00,19409.5,19409.75,19398.75,19407.75,1310
2025-04-01 08:13:00-05:00,19407.25,19408.75,19399.5,19401.25,691
2025-04-01 08:14:00-05:00,19401.25,19409.25,19401.0,19401.5,974
2025-04-01 08:15:00-05:00,19401.5,19402.25,19395.0,19397.75,1559
2025-04-01 08:16:00-05:00,19397.25,19398.75,19391.25,19396.25,1011
2025-04-01 08:17:00-05:00,19396.25,19402.5,19392.25,19394.5,771
2025-04-01 08:18:00-05:00,19394.25,19397.0,19390.0,19394.75,766
2025-04-01 08:19:00-05:00,19394.5,19397.75,19386.5,19396.75,1051
2025-04-01 08:20:00-05:00,19396.75,19403.75,19394.5,19403.5,1185
2025-04-01 08:21:00-05:00,19403.5,19409.0,19402.25,19406.5,1070
2025-04-01 08:22:00-05:00,19406.5,19408.75,19404.25,19406.5,497
2025-04-01 08:23:00-05:00,19406.25,19409.75,19403.5,19406.25,800
2025-04-01 08:24:00-05:00,19406.25,19411.5,19399.75,19402.25,1369
2025-04-01 08:25:00-05:00,19402.25,19402.25,19389.75,19401.0,2213
2025-04-01 08:26:00-05:00,19400.75,19412.0,19395.5,19399.5,2041
2025-04-01 08:27:00-05:00,19398.75,19403.75,19395.5,19398.5,1246
2025-04-01 08:28:00-05:00,19398.25,19398.25,19380.25,19383.25,3078
2025-04-01 08:29:00-05:00,19382.5,19384.0,19371.5,19380.5,3154
2025-04-01 08:30:00-05:00,19380.5,19386.25,19347.5,19353.0,11876
2025-04-01 08:31:00-05:00,19352.75,19384.75,19352.25,19377.0,8782
2025-04-01 08:32:00-05:00,19377.5,19416.0,19373.0,19407.0,10095
2025-04-01 08:33:00-05:00,19407.25,19433.0,19382.0,19386.25,11691
2025-04-01 08:34:00-05:00,19385.5,19395.0,19368.0,19368.75,8734
2025-04-01 08:35:00-05:00,19368.25,19385.75,19338.25,19341.0,11990
2025-04-01 08:36:00-05:00,19341.0,19372.25,19340.5,19370.0,8832
2025-04-01 08:37:00-05:00,19370.5,19374.0,19338.75,19343.5,7724
2025-04-01 08:38:00-05:00,19342.75,19376.5,19342.25,19355.25,7245
2025-04-01 08:39:00-05:00,19355.0,19388.0,19354.75,19384.0,7458
2025-04-01 08:40:00-05:00,19384.25,19402.5,19373.25,19392.75,9149
2025-04-01 08:41:00-05:00,19392.75,19415.5,19386.75,19393.0,8035
2025-04-01 08:42:00-05:00,19393.75,19398.5,19377.0,19380.75,4693
2025-04-01 08:43:00-05:00,19381.5,19398.5,19360.25,19397.0,6537
2025-04-01 08:44:00-05:00,19397.0,19418.5,19396.5,19400.75,4412
2025-04-01 08:45:00-05:00,19400.5,19417.75,19390.25,19404.75,5250
2025-04-01 08:46:00-05:00,19404.25,19423.5,19397.5,19399.25,7127
2025-04-01 08:47:00-05:00,19399.0,19437.5,19398.5,19435.0,9195
2025-04-01 08:48:00-05:00,19435.75,19462.25,19433.75,19454.0,10421
2025-04-01 08:49:00-05:00,19453.5,19457.75,19440.0,19443.0,5747
2025-04-01 08:50:00-05:00,19442.75,19453.0,19427.0,19438.75,7553
2025-04-01 08:51:00-05:00,19438.75,19456.25,19429.0,19450.5,5960
2025-04-01 08:52:00-05:00,19450.75,19456.0,19419.0,19422.0,7392
2025-04-01 08:53:00-05:00,19422.5,19437.25,19413.0,19426.5,6711
2025-04-01 08:54:00-05:00,19427.25,19434.75,19405.0,19406.0,6010
2025-04-01 08:55:00-05:00,19406.0,19415.0,19389.5,19399.75,7887
2025-04-01 08:56:00-05:00,19400.25,19406.25,19380.0,19386.25,5697
2025-04-01 08:57:00-05:00,19386.0,19407.5,19383.0,19404.75,5038
2025-04-01 08:58:00-05:00,19405.0,19420.75,19399.25,19420.0,4832
2025-04-01 08:59:00-05:00,19419.75,19431.75,19367.5,19367.5,4053
2025-04-01 09:00:00-05:00,19400.25,19425.0,19371.75,19390.5,7757
2025-04-01 09:01:00-05:00,19391.0,19404.25,19360.0,19360.75,9188
2025-04-01 09:02:00-05:00,19361.5,19373.25,19345.75,19368.0,10142
2025-04-01 09:03:00-05:00,19367.25,19407.5,19360.0,19399.0,9174
2025-04-01 09:04:00-05:00,19399.75,19404.75,19367.0,19371.5,7303
2025-04-01 09:05:00-05:00,19371.0,19403.25,19363.5,19391.0,9537
2025-04-01 09:06:00-05:00,19391.5,19395.75,19357.5,19358.5,7706
2025-04-01 09:07:00-05:00,19358.5,19358.5,19327.0,19350.75,12232
2025-04-01 09:08:00-05:00,19351.0,19360.5,19327.75,19330.75,8183
2025-04-01 09:09:00-05:00,19330.5,19353.25,19327.75,19348.75,5947
2025-04-01 09:10:00-05:00,19349.75,19360.0,19319.5,19330.5,9363
2025-04-01 09:11:00-05:00,19329.75,19330.5,19302.0,19312.75,10014
2025-04-01 09:12:00-05:00,19312.5,19327.25,19306.25,19308.25,6137
2025-04-01 09:13:00-05:00,19308.75,19311.0,19291.5,19297.5,8604
2025-04-01 09:14:00-05:00,19297.0,19308.0,19288.75,19299.25,5883
2025-04-01 09:15:00-05:00,19299.75,19324.75,19288.0,19289.25,9983
2025-04-01 09:16:00-05:00,19289.0,19316.25,19288.5,19311.75,6922
2025-04-01 09:17:00-05:00,19311.75,19315.0,19297.5,19301.0,4528
2025-04-01 09:18:00-05:00,19300.5,19310.0,19291.5,19294.5,4978
2025-04-01 09:19:00-05:00,19295.0,19299.25,19285.25,19287.25,4791
2025-04-01 09:20:00-05:00,19286.75,19303.0,19271.0,19273.0,8326
2025-04-01 09:21:00-05:00,19273.25,19286.75,19261.25,19286.75,8739
2025-04-01 09:22:00-05:00,19286.5,19319.75,19284.5,19317.0,9420
2025-04-01 09:23:00-05:00,19317.0,19333.0,19313.0,19314.75,9754
2025-04-01 09:24:00-05:00,19314.75,19344.5,19312.25,19335.5,8076
2025-04-01 09:25:00-05:00,19335.25,19361.25,19331.0,19358.0,9112
2025-04-01 09:26:00-05:00,19357.75,19359.0,19332.5,19345.25,7070
2025-04-01 09:27:00-05:00,19346.25,19349.5,19317.5,19320.75,7145
2025-04-01 09:28:00-05:00,19321.5,19342.0,19309.0,19341.75,7568
2025-04-01 09:29:00-05:00,19341.75,19352.75,19332.0,19333.0,6725
2025-04-01 09:30:00-05:00,19333.5,19363.25,19327.75,19352.5,6729
2025-04-01 09:31:00-05:00,19352.75,19369.0,19350.0,19355.0,7266
2025-04-01 09:32:00-05:00,19355.0,19366.5,19348.25,19352.5,5247
2025-04-01 09:33:00-05:00,19352.75,19360.5,19335.5,19342.75,5781
2025-04-01 09:34:00-05:00,19343.5,19358.5,19339.25,19354.0,4269
2025-04-01 09:35:00-05:00,19354.25,19364.5,19347.5,19350.25,4584
2025-04-01 09:36:00-05:00,19350.5,19373.75,19348.25,19366.0,6354
2025-04-01 09:37:00-05:00,19366.75,19372.0,19360.5,19368.75,4283
2025-04-01 09:38:00-05:00,19368.75,19417.0,19364.0,19404.5,15420
2025-04-01 09:39:00-05:00,19405.0,19435.0,19404.5,19410.25,11576
2025-04-01 09:40:00-05:00,19409.5,19418.25,19398.25,19413.25,7514
2025-04-01 09:41:00-05:00,19413.5,19430.75,19413.0,19429.5,6041
2025-04-01 09:42:00-05:00,19429.5,19443.0,19417.25,19438.75,7331
2025-04-01 09:43:00-05:00,19438.5,19464.5,19437.0,19458.0,9948
2025-04-01 09:44:00-05:00,19458.5,19461.0,19438.25,19443.25,6173
2025-04-01 09:45:00-05:00,19443.0,19451.75,19432.25,19444.5,6164
2025-04-01 09:46:00-05:00,19444.25,19457.75,19443.75,19450.0,4731
2025-04-01 09:47:00-05:00,19450.0,19460.0,19444.75,19455.25,4240
2025-04-01 09:48:00-05:00,19455.0,19458.25,19425.25,19443.0,6625
2025-04-01 09:49:00-05:00,19442.75,19455.0,19441.25,19446.5,3944
2025-04-01 09:50:00-05:00,19446.0,19466.25,19445.75,19461.5,5195
2025-04-01 09:51:00-05:00,19461.0,19480.5,19461.0,19477.0,7041
2025-04-01 09:52:00-05:00,19477.5,19492.0,19475.0,19485.5,6567
2025-04-01 09:53:00-05:00,19484.75,19488.25,19472.5,19477.5,4164
2025-04-01 09:54:00-05:00,19477.5,19495.25,19475.0,19493.5,4149
2025-04-01 09:55:00-05:00,19493.5,19507.0,19488.75,19491.75,6321
2025-04-01 09:56:00-05:00,19492.25,19501.25,19475.0,19476.5,4776
2025-04-01 09:57:00-05:00,19476.5,19491.0,19471.25,19487.5,5612
2025-04-01 09:58:00-05:00,19487.0,19503.5,19485.25,19500.25,3799
2025-04-01 09:59:00-05:00,19500.75,19519.75,19499.75,19516.0,7770
2025-04-01 10:00:00-05:00,19515.75,19524.75,19502.75,19521.0,7419
2025-04-01 10:01:00-05:00,19521.25,19529.75,19510.5,19524.5,5101
2025-04-01 10:02:00-05:00,19524.5,19527.0,19513.25,19516.5,3565
2025-04-01 10:03:00-05:00,19517.0,19537.5,19514.25,19532.5,5466
2025-04-01 10:04:00-05:00,19532.5,19534.75,19515.75,19518.0,4347
2025-04-01 10:05:00-05:00,19517.5,19534.5,19515.25,19526.0,5143
2025-04-01 10:06:00-05:00,19526.0,19537.5,19521.25,19534.75,3956
2025-04-01 10:07:00-05:00,19534.5,19542.25,19530.0,19533.5,4168
2025-04-01 10:08:00-05:00,19533.25,19554.0,19530.25,19551.25,5522
2025-04-01 10:09:00-05:00,19551.5,19554.75,19539.5,19549.25,5181
2025-04-01 10:10:00-05:00,19548.5,19550.5,19525.5,19538.0,5826
2025-04-01 10:11:00-05:00,19538.25,19556.0,19534.5,19545.75,5066
2025-04-01 10:12:00-05:00,19546.0,19561.5,19545.0,19560.0,3661
2025-04-01 10:13:00-05:00,19560.0,19567.0,19555.75,19563.5,3926
2025-04-01 10:14:00-05:00,19563.5,19586.75,19560.75,19583.0,7232
2025-04-01 10:15:00-05:00,19582.5,19583.0,19570.75,19573.5,5633
2025-04-01 10:16:00-05:00,19573.75,19592.25,19571.5,19592.0,5562
2025-04-01 10:17:00-05:00,19591.5,19593.0,19580.5,19587.25,4402
2025-04-01 10:18:00-05:00,19586.75,19600.25,19582.25,19591.5,5625
2025-04-01 10:19:00-05:00,19591.5,19593.25,19572.25,19573.25,5008
2025-04-01 10:20:00-05:00,19573.5,19574.0,19556.0,19557.0,7723
2025-04-01 10:21:00-05:00,19557.25,19582.0,19554.0,19581.75,5766
2025-04-01 10:22:00-05:00,19582.0,19595.25,19580.75,19593.5,4631
2025-04-01 10:23:00-05:00,19593.5,19598.0,19587.25,19593.5,3862
2025-04-01 10:24:00-05:00,19593.5,19602.75,19586.5,19597.75,3761
2025-04-01 10:25:00-05:00,19597.75,19604.0,19591.75,19595.75,3640
2025-04-01 10:26:00-05:00,19595.25,19601.75,19580.25,19585.5,4654
2025-04-01 10:27:00-05:00,19585.75,19593.0,19580.25,19583.75,3220
2025-04-01 10:28:00-05:00,19583.25,19594.0,19579.25,19581.0,3014
2025-04-01 10:29:00-05:00,19581.25,19581.5,19561.25,19565.0,6166
2025-04-01 10:30:00-05:00,19565.25,19570.5,19559.25,19561.0,3881
2025-04-01 10:31:00-05:00,19560.5,19564.5,19546.5,19559.75,6214
2025-04-01 10:32:00-05:00,19560.0,19573.5,19556.25,19571.25,4770
2025-04-01 10:33:00-05:00,19570.75,19573.5,19556.75,19572.25,3280
2025-04-01 10:34:00-05:00,19572.0,19573.5,19556.75,19569.5,3085
2025-04-01 10:35:00-05:00,19569.5,19573.0,19541.5,19547.75,5600
2025-04-01 10:36:00-05:00,19547.25,19559.5,19535.5,19558.0,5367
2025-04-01 10:37:00-05:00,19557.75,19559.25,19538.5,19549.25,3497
2025-04-01 10:38:00-05:00,19549.0,19567.0,19547.25,19559.75,3943
2025-04-01 10:39:00-05:00,19559.5,19564.5,19548.25,19561.0,3331
2025-04-01 10:40:00-05:00,19561.0,19561.0,19546.5,19548.75,2411
2025-04-01 10:41:00-05:00,19548.5,19551.25,19531.25,19547.5,5759
2025-04-01 10:42:00-05:00,19547.5,19547.5,19536.0,19545.25,3449
2025-04-01 10:43:00-05:00,19544.75,19565.75,19540.25,19562.75,4546
2025-04-01 10:44:00-05:00,19563.0,19578.5,19561.0,19573.5,5496
2025-04-01 10:45:00-05:00,19573.25,19585.5,19569.75,19585.0,4861
2025-04-01 10:46:00-05:00,19585.25,19597.75,19583.5,19586.25,5376
2025-04-01 10:47:00-05:00,19586.25,19587.0,19574.25,19581.25,3765
2025-04-01 10:48:00-05:00,19580.75,19597.75,19575.0,19597.0,3390
2025-04-01 10:49:00-05:00,19597.5,19598.5,19588.75,19595.75,2716
2025-04-01 10:50:00-05:00,19595.5,19609.0,19591.0,19597.5,5023
2025-04-01 10:51:00-05:00,19597.75,19598.5,19562.25,19565.0,7068
2025-04-01 10:52:00-05:00,19564.5,19571.75,19558.5,19563.0,4234
2025-04-01 10:53:00-05:00,19562.75,19588.25,19562.0,19586.25,4070
2025-04-01 10:54:00-05:00,19586.25,19588.75,19566.75,19570.0,2959
2025-04-01 10:55:00-05:00,19570.75,19576.25,19557.75,19574.25,3645
2025-04-01 10:56:00-05:00,19573.75,19584.5,19570.5,19583.75,2755
2025-04-01 10:57:00-05:00,19583.25,19587.75,19574.75,19580.0,2398
2025-04-01 10:58:00-05:00,19580.0,19587.0,19571.0,19584.5,2056
2025-04-01 10:59:00-05:00,19584.25,19594.5,19580.25,19592.0,2877
2025-04-01 11:00:00-05:00,19592.5,19595.0,19573.5,19584.75,3764
2025-04-01 11:01:00-05:00,19584.25,19607.75,19582.0,19607.5,4612
2025-04-01 11:02:00-05:00,19607.5,19616.25,19602.0,19602.5,5748
2025-04-01 11:03:00-05:00,19602.75,19605.0,19586.5,19598.75,4327
2025-04-01 11:04:00-05:00,19598.25,19608.5,19597.0,19603.5,2885
2025-04-01 11:05:00-05:00,19603.5,19608.5,19591.5,19599.5,3652
2025-04-01 11:06:00-05:00,19599.75,19604.25,19587.0,19599.5,3343
2025-04-01 11:07:00-05:00,19600.5,19612.5,19600.5,19605.0,2406
2025-04-01 11:08:00-05:00,19605.0,19620.0,19598.75,19613.75,3819
2025-04-01 11:09:00-05:00,19613.75,19616.25,19609.25,19613.5,2412
2025-04-01 11:10:00-05:00,19613.0,19620.0,19609.5,19616.5,2990
2025-04-01 11:11:00-05:00,19617.0,19618.25,19604.0,19605.5,2747
2025-04-01 11:12:00-05:00,19605.5,19617.0,19596.0,19615.25,3931
2025-04-01 11:13:00-05:00,19614.75,19622.25,19610.75,19615.75,3061
2025-04-01 11:14:00-05:00,19616.0,19616.5,19608.0,19610.75,1788
2025-04-01 11:15:00-05:00,19610.75,19616.75,19602.0,19616.0,2953
2025-04-01 11:16:00-05:00,19616.0,19629.0,19612.25,19625.5,3725
2025-04-01 11:17:00-05:00,19625.5,19638.0,19619.25,19637.5,4183
2025-04-01 11:18:00-05:00,19638.0,19638.75,19627.0,19635.75,3451
2025-04-01 11:19:00-05:00,19636.0,19637.25,19620.5,19630.25,3549
2025-04-01 11:20:00-05:00,19630.5,19643.25,19623.25,19640.75,4007
2025-04-01 11:21:00-05:00,19640.5,19642.5,19610.75,19613.0,4440
2025-04-01 11:22:00-05:00,19613.25,19618.75,19597.5,19611.5,5752
2025-04-01 11:23:00-05:00,19611.75,19611.75,19592.25,19600.25,4599
2025-04-01 11:24:00-05:00,19600.5,19610.5,19599.75,19605.75,2820
2025-04-01 11:25:00-05:00,19605.5,19607.75,19588.5,19592.0,4258
2025-04-01 11:26:00-05:00,19591.25,19592.75,19565.75,19570.75,7045
2025-04-01 11:27:00-05:00,19571.0,19576.75,19560.5,19567.0,4176
2025-04-01 11:28:00-05:00,19567.5,19568.25,19547.25,19549.25,5495
2025-04-01 11:29:00-05:00,19549.25,19561.0,19544.25,19554.5,4587
2025-04-01 11:30:00-05:00,19554.75,19559.25,19526.25,19533.0,8166
2025-04-01 11:31:00-05:00,19533.25,19555.75,19531.0,19547.0,6077
2025-04-01 11:32:00-05:00,19547.25,19566.75,19546.5,19561.75,4413
2025-04-01 11:33:00-05:00,19561.25,19572.75,19547.25,19552.75,4760
2025-04-01 11:34:00-05:00,19553.0,19556.5,19540.25,19547.75,4001
2025-04-01 11:35:00-05:00,19548.25,19552.0,19537.5,19550.25,3621
2025-04-01 11:36:00-05:00,19551.0,19551.75,19525.75,19535.25,4781
2025-04-01 11:37:00-05:00,19534.75,19538.75,19518.5,19522.75,4751
2025-04-01 11:38:00-05:00,19522.75,19530.25,19514.25,19526.25,4809
2025-04-01 11:39:00-05:00,19526.25,19527.25,19515.0,19523.75,2966
2025-04-01 11:40:00-05:00,19523.75,19532.5,19514.0,19524.75,3906
2025-04-01 11:41:00-05:00,19524.25,19533.0,19517.75,19532.25,3889
2025-04-01 11:42:00-05:00,19531.75,19532.75,19519.25,19520.25,3115
2025-04-01 11:43:00-05:00,19520.0,19521.5,19496.75,19505.0,6508
2025-04-01 11:44:00-05:00,19505.25,19514.5,19500.0,19503.75,3483
2025-04-01 11:45:00-05:00,19503.75,19511.25,19497.75,19508.75,3144
2025-04-01 11:46:00-05:00,19509.0,19518.5,19504.25,19509.0,3563
2025-04-01 11:47:00-05:00,19508.5,19521.75,19507.0,19519.5,3770
2025-04-01 11:48:00-05:00,19519.25,19527.5,19516.25,19524.0,4452
2025-04-01 11:49:00-05:00,19524.0,19543.5,19522.0,19541.5,5356
2025-04-01 11:50:00-05:00,19541.5,19559.25,19535.25,19554.75,5097
2025-04-01 11:51:00-05:00,19554.5,19571.0,19553.75,19569.25,4329
2025-04-01 11:52:00-05:00,19568.75,19578.25,19560.0,19576.75,3602
2025-04-01 11:53:00-05:00,19577.25,19594.25,19570.5,19589.25,5012
2025-04-01 11:54:00-05:00,19589.25,19589.75,19577.0,19577.75,3231
2025-04-01 11:55:00-05:00,19577.25,19587.5,19570.75,19571.75,3673
2025-04-01 11:56:00-05:00,19572.0,19582.25,19567.0,19574.75,3280
2025-04-01 11:57:00-05:00,19574.25,19587.25,19570.5,19584.25,2256
2025-04-01 11:58:00-05:00,19584.25,19589.0,19575.0,19588.0,2053
2025-04-01 11:59:00-05:00,19587.75,19588.5,19562.0,19563.5,3950
2025-04-01 12:00:00-05:00,19563.5,19582.25,19556.5,19581.5,4442
2025-04-01 12:01:00-05:00,19582.0,19582.75,19561.5,19576.75,3480
2025-04-01 12:02:00-05:00,19576.5,19582.25,19571.25,19575.0,2190
2025-04-01 12:03:00-05:00,19575.0,19579.0,19562.25,19569.5,2498
2025-04-01 12:04:00-05:00,19569.5,19573.25,19564.5,19568.5,1879
2025-04-01 12:05:00-05:00,19569.0,19570.75,19548.5,19549.25,4229
2025-04-01 12:06:00-05:00,19549.75,19554.75,19531.75,19535.0,4487
2025-04-01 12:07:00-05:00,19534.5,19550.5,19530.5,19549.25,3780
2025-04-01 12:08:00-05:00,19549.25,19555.25,19543.75,19549.0,2966
2025-04-01 12:09:00-05:00,19549.25,19553.25,19542.75,19542.75,2654
2025-04-01 12:10:00-05:00,19543.25,19550.5,19532.25,19548.5,3261
2025-04-01 12:11:00-05:00,19548.75,19562.75,19543.25,19559.75,3047
2025-04-01 12:12:00-05:00,19559.75,19565.0,19545.0,19545.75,3182
2025-04-01 12:13:00-05:00,19545.75,19556.25,19536.5,19555.0,3257
2025-04-01 12:14:00-05:00,19554.75,19567.0,19552.0,19565.0,2944
2025-04-01 12:15:00-05:00,19565.5,19567.0,19560.0,19565.75,1812
2025-04-01 12:16:00-05:00,19565.75,19571.75,19556.75,19558.0,2720
2025-04-01 12:17:00-05:00,19557.5,19558.25,19537.25,19540.5,3244
2025-04-01 12:18:00-05:00,19540.5,19549.0,19530.5,19533.5,3032
2025-04-01 12:19:00-05:00,19533.75,19544.5,19523.0,19526.5,3578
2025-04-01 12:20:00-05:00,19527.0,19539.75,19520.75,19537.75,3612
2025-04-01 12:21:00-05:00,19537.5,19538.75,19523.0,19532.25,2567
2025-04-01 12:22:00-05:00,19531.25,19536.5,19525.0,19529.75,2048
2025-04-01 12:23:00-05:00,19529.25,19538.5,19520.5,19531.0,1974
2025-04-01 12:24:00-05:00,19531.0,19537.0,19527.0,19528.5,1734
2025-04-01 12:25:00-05:00,19527.75,19543.25,19526.25,19541.25,2340
2025-04-01 12:26:00-05:00,19541.5,19541.5,19522.5,19528.25,2878
2025-04-01 12:27:00-05:00,19528.5,19536.0,19524.75,19533.25,1630
2025-04-01 12:28:00-05:00,19533.75,19537.25,19522.25,19523.75,2086
2025-04-01 12:29:00-05:00,19523.5,19529.25,19516.75,19524.75,2786
2025-04-01 12:30:00-05:00,19524.25,19539.25,19519.5,19538.0,3054
2025-04-01 12:31:00-05:00,19538.5,19549.75,19537.5,19546.25,3430
2025-04-01 12:32:00-05:00,19546.0,19551.5,19540.5,19544.25,2710
2025-04-01 12:33:00-05:00,19543.5,19545.25,19523.75,19525.25,2772
2025-04-01 12:34:00-05:00,19525.0,19527.0,19513.5,19516.75,3646
2025-04-01 12:35:00-05:00,19517.0,19530.0,19515.0,19528.5,2418
2025-04-01 12:36:00-05:00,19528.25,19535.75,19525.75,19529.75,1908
2025-04-01 12:37:00-05:00,19528.75,19538.75,19527.75,19532.5,1785
2025-04-01 12:38:00-05:00,19532.75,19549.5,19532.0,19547.25,2966
2025-04-01 12:39:00-05:00,19547.0,19553.5,19540.75,19545.5,3137
2025-04-01 12:40:00-05:00,19545.75,19561.25,19545.5,19560.25,3557
2025-04-01 12:41:00-05:00,19559.75,19571.25,19558.0,19563.0,3083
2025-04-01 12:42:00-05:00,19562.5,19569.25,19556.5,19559.0,2336
2025-04-01 12:43:00-05:00,19558.0,19562.0,19534.75,19536.5,3987
2025-04-01 12:44:00-05:00,19536.5,19536.5,19521.75,19526.25,3365
2025-04-01 12:45:00-05:00,19526.5,19535.5,19523.5,19533.5,2271
2025-04-01 12:46:00-05:00,19533.75,19544.0,19530.0,19542.5,2677
2025-04-01 12:47:00-05:00,19542.75,19550.75,19538.5,19550.0,2406
2025-04-01 12:48:00-05:00,19550.25,19551.5,19540.5,19547.25,1711
2025-04-01 12:49:00-05:00,19547.25,19553.0,19542.0,19551.25,1287
2025-04-01 12:50:00-05:00,19551.25,19562.5,19545.25,19560.0,2710
2025-04-01 12:51:00-05:00,19560.0,19562.0,19542.25,19558.0,3137
2025-04-01 12:52:00-05:00,19558.0,19562.75,19543.25,19543.75,2666
2025-04-01 12:53:00-05:00,19543.75,19547.0,19531.5,19539.75,2782
2025-04-01 12:54:00-05:00,19539.5,19542.25,19527.25,19528.75,2063
2025-04-01 12:55:00-05:00,19529.0,19531.25,19516.5,19517.75,3236
2025-04-01 12:56:00-05:00,19518.75,19522.25,19514.75,19518.25,2304
2025-04-01 12:57:00-05:00,19518.75,19528.0,19514.25,19525.0,2495
2025-04-01 12:58:00-05:00,19524.75,19526.5,19507.75,19510.75,3093
2025-04-01 12:59:00-05:00,19510.75,19516.5,19500.5,19506.0,2973
2025-04-01 13:00:00-05:00,19505.75,19514.0,19483.0,19494.0,6134
2025-04-01 13:01:00-05:00,19494.0,19494.0,19468.75,19469.0,5170
2025-04-01 13:02:00-05:00,19469.25,19469.25,19444.0,19456.5,7693
2025-04-01 13:03:00-05:00,19456.25,19460.75,19444.5,19455.5,3468
2025-04-01 13:04:00-05:00,19455.25,19457.0,19437.5,19452.0,4442
2025-04-01 13:05:00-05:00,19452.5,19460.5,19447.75,19459.25,4439
2025-04-01 13:06:00-05:00,19459.25,19459.5,19432.5,19439.75,5056
2025-04-01 13:07:00-05:00,19440.25,19440.5,19422.75,19431.5,4506
2025-04-01 13:08:00-05:00,19430.75,19439.75,19423.25,19436.75,3665
2025-04-01 13:09:00-05:00,19437.0,19438.75,19421.25,19425.0,3418
2025-04-01 13:10:00-05:00,19425.0,19438.0,19422.5,19428.5,3485
2025-04-01 13:11:00-05:00,19428.0,19430.0,19411.5,19427.25,5820
2025-04-01 13:12:00-05:00,19426.75,19437.75,19419.75,19434.25,3965
2025-04-01 13:13:00-05:00,19434.0,19446.5,19431.75,19444.0,4145
2025-04-01 13:14:00-05:00,19444.0,19449.75,19440.25,19442.0,3129
2025-04-01 13:15:00-05:00,19442.75,19445.75,19432.0,19435.25,3243
2025-04-01 13:16:00-05:00,19434.75,19436.0,19414.0,19415.75,4609
2025-04-01 13:17:00-05:00,19415.75,19422.75,19412.5,19416.25,2791
2025-04-01 13:18:00-05:00,19416.25,19416.5,19404.0,19405.25,4229
2025-04-01 13:19:00-05:00,19405.25,19416.0,19403.5,19413.0,2579
2025-04-01 13:20:00-05:00,19413.25,19420.25,19407.25,19410.25,3180
2025-04-01 13:21:00-05:00,19410.5,19411.0,19401.0,19402.75,3078
2025-04-01 13:22:00-05:00,19403.0,19407.25,19394.0,19397.5,3915
2025-04-01 13:23:00-05:00,19397.5,19406.75,19391.0,19403.0,3403
2025-04-01 13:24:00-05:00,19403.0,19406.75,19384.75,19386.5,3863
2025-04-01 13:25:00-05:00,19386.5,19401.5,19385.5,19398.25,3129
2025-04-01 13:26:00-05:00,19398.25,19419.25,19396.75,19418.75,4908
2025-04-01 13:27:00-05:00,19419.0,19423.75,19392.5,19396.75,4470
2025-04-01 13:28:00-05:00,19397.0,19411.5,19390.5,19407.25,3249
2025-04-01 13:29:00-05:00,19407.5,19408.5,19398.25,19401.75,1894
2025-04-01 13:30:00-05:00,19402.0,19409.0,19398.5,19404.5,2565
2025-04-01 13:31:00-05:00,19405.0,19421.75,19404.25,19415.75,3535
2025-04-01 13:32:00-05:00,19415.0,19424.5,19410.25,19421.5,2669
2025-04-01 13:33:00-05:00,19420.25,19428.75,19416.25,19425.0,3034
2025-04-01 13:34:00-05:00,19424.5,19428.0,19408.0,19412.5,3305
2025-04-01 13:35:00-05:00,19412.0,19416.25,19402.75,19409.75,2707
2025-04-01 13:36:00-05:00,19410.0,19426.75,19409.5,19420.25,2441
2025-04-01 13:37:00-05:00,19420.5,19427.0,19415.25,19416.5,2249
2025-04-01 13:38:00-05:00,19415.5,19416.75,19400.5,19401.5,2392
2025-04-01 13:39:00-05:00,19401.25,19406.25,19396.0,19402.5,2733
2025-04-01 13:40:00-05:00,19402.5,19420.0,19402.5,19419.5,2541
2025-04-01 13:41:00-05:00,19419.5,19426.75,19407.5,19423.5,2575
2025-04-01 13:42:00-05:00,19424.0,19427.75,19408.75,19411.75,2751
2025-04-01 13:43:00-05:00,19411.5,19420.0,19407.25,19419.0,1610
2025-04-01 13:44:00-05:00,19418.75,19433.25,19416.5,19432.5,2916
2025-04-01 13:45:00-05:00,19432.5,19433.25,19415.0,19420.5,3079
2025-04-01 13:46:00-05:00,19420.75,19429.5,19417.75,19420.25,1902
2025-04-01 13:47:00-05:00,19420.0,19420.75,19404.25,19408.75,2849
2025-04-01 13:48:00-05:00,19408.0,19412.75,19402.5,19408.75,1764
2025-04-01 13:49:00-05:00,19408.25,19410.25,19397.5,19398.5,2183
2025-04-01 13:50:00-05:00,19398.25,19407.75,19396.25,19402.5,2706
2025-04-01 13:51:00-05:00,19402.5,19404.75,19396.75,19399.5,1673
2025-04-01 13:52:00-05:00,19400.0,19405.0,19392.5,19393.5,2481
2025-04-01 13:53:00-05:00,19394.0,19412.0,19388.25,19411.75,3978
2025-04-01 13:54:00-05:00,19412.0,19421.75,19406.5,19419.0,3633
2025-04-01 13:55:00-05:00,19417.75,19444.0,19417.5,19440.25,5299
2025-04-01 13:56:00-05:00,19439.75,19449.0,19436.5,19448.75,3850
2025-04-01 13:57:00-05:00,19449.0,19454.0,19435.0,19439.5,3830
2025-04-01 13:58:00-05:00,19439.5,19449.75,19432.0,19432.75,2520
2025-04-01 13:59:00-05:00,19433.0,19450.0,19430.25,19448.0,2527
2025-04-01 14:00:00-05:00,19448.25,19453.25,19437.5,19452.75,3495
2025-04-01 14:01:00-05:00,19452.25,19464.0,19447.75,19456.5,4393
2025-04-01 14:02:00-05:00,19456.5,19462.5,19445.75,19452.75,3256
2025-04-01 14:03:00-05:00,19452.75,19463.5,19452.25,19454.25,2091
2025-04-01 14:04:00-05:00,19454.5,19461.5,19448.5,19456.75,2246
2025-04-01 14:05:00-05:00,19456.5,19470.75,19452.5,19470.0,2804
2025-04-01 14:06:00-05:00,19469.75,19477.25,19467.0,19471.25,3772
2025-04-01 14:07:00-05:00,19471.25,19473.0,19463.25,19466.25,2165
2025-04-01 14:08:00-05:00,19467.0,19469.0,19451.25,19460.0,3347
2025-04-01 14:09:00-05:00,19459.5,19460.0,19442.75,19444.0,3108
2025-04-01 14:10:00-05:00,19443.75,19455.75,19438.0,19454.0,3564
2025-04-01 14:11:00-05:00,19454.25,19459.0,19440.5,19457.25,3070
2025-04-01 14:12:00-05:00,19457.25,19460.75,19450.25,19460.5,1760
2025-04-01 14:13:00-05:00,19460.0,19462.5,19455.75,19460.5,1776
2025-04-01 14:14:00-05:00,19460.5,19466.75,19454.5,19465.5,1868
2025-04-01 14:15:00-05:00,19465.5,19479.25,19463.25,19475.5,3867
2025-04-01 14:16:00-05:00,19475.25,19489.0,19474.5,19480.25,4271
2025-04-01 14:17:00-05:00,19480.75,19482.75,19474.0,19480.75,2136
2025-04-01 14:18:00-05:00,19480.5,19481.0,19462.25,19464.5,2872
2025-04-01 14:19:00-05:00,19464.5,19470.0,19457.0,19468.5,2793
2025-04-01 14:20:00-05:00,19468.5,19476.25,19461.0,19475.0,2644
2025-04-01 14:21:00-05:00,19474.75,19478.5,19470.25,19472.75,1673
2025-04-01 14:22:00-05:00,19473.0,19485.0,19466.5,19484.75,2485
2025-04-01 14:23:00-05:00,19485.0,19491.75,19481.0,19489.5,2499
2025-04-01 14:24:00-05:00,19490.25,19495.25,19483.75,19489.75,2574
2025-04-01 14:25:00-05:00,19489.5,19499.25,19487.25,19498.25,2652
2025-04-01 14:26:00-05:00,19498.25,19499.25,19485.5,19492.0,2132
2025-04-01 14:27:00-05:00,19491.75,19502.0,19491.5,19495.25,2217
2025-04-01 14:28:00-05:00,19495.0,19500.25,19491.75,19496.0,1543
2025-04-01 14:29:00-05:00,19496.25,19499.5,19474.5,19475.5,3550
2025-04-01 14:30:00-05:00,19475.0,19481.0,19464.0,19474.25,3974
2025-04-01 14:31:00-05:00,19474.25,19503.75,19473.25,19502.0,3830
2025-04-01 14:32:00-05:00,19502.25,19524.25,19500.0,19515.5,5042
2025-04-01 14:33:00-05:00,19515.25,19529.0,19515.0,19522.75,3440
2025-04-01 14:34:00-05:00,19523.0,19528.5,19509.75,19513.0,3255
2025-04-01 14:35:00-05:00,19512.75,19531.75,19507.5,19530.75,3904
2025-04-01 14:36:00-05:00,19531.0,19543.75,19528.5,19536.25,4273
2025-04-01 14:37:00-05:00,19536.0,19540.5,19516.75,19528.75,4023
2025-04-01 14:38:00-05:00,19528.75,19538.25,19516.75,19538.0,2854
2025-04-01 14:39:00-05:00,19537.75,19543.25,19531.75,19533.0,2613
2025-04-01 14:40:00-05:00,19533.75,19546.0,19532.0,19535.0,2772
2025-04-01 14:41:00-05:00,19534.25,19545.5,19533.25,19536.5,2252
2025-04-01 14:42:00-05:00,19536.5,19545.5,19530.5,19541.25,2725
2025-04-01 14:43:00-05:00,19541.25,19553.0,19539.0,19549.75,2571
2025-04-01 14:44:00-05:00,19549.5,19554.5,19545.0,19547.75,2246
2025-04-01 14:45:00-05:00,19547.75,19566.75,19543.0,19566.0,3956
2025-04-01 14:46:00-05:00,19565.5,19568.0,19551.5,19552.75,2689
2025-04-01 14:47:00-05:00,19553.0,19574.75,19549.5,19570.25,3590
2025-04-01 14:48:00-05:00,19570.0,19572.0,19552.75,19556.0,3057
2025-04-01 14:49:00-05:00,19555.75,19569.75,19554.5,19566.75,1934
2025-04-01 14:50:00-05:00,19567.0,19588.25,19563.0,19574.5,5445
2025-04-01 14:51:00-05:00,19574.75,19579.0,19563.5,19573.0,3084
2025-04-01 14:52:00-05:00,19573.5,19575.75,19560.75,19564.0,3316
2025-04-01 14:53:00-05:00,19564.75,19589.75,19552.25,19584.5,5893
2025-04-01 14:54:00-05:00,19584.25,19613.75,19582.5,19611.75,5036
